Domain,Type,Already Linking?,Composite Priority,Competitor Gap Score,Competitors With Link,Competitor List,Worksheet Type,DA,Worksheet Priority,Can Blog?,In Worksheet Template,Whitespark Opp,Competitor Gap Source,First Seen (Competitor),Spam Score,Sources,Status,Submission URL,Username,Email,Password,Notes
rehab.com,citation,No,17.77,14.47,3,"ascendantny, acirehab, genesisdob",,46,,,,Yes,Yes,2025-11-20 10:25:36 +00:00,0,"competitor_gap, whitespark",,,,,,
bbb.org,citation,No,15.05,5,1,genesisdob,Directories,91,2,No,Yes,Yes,Yes,2025-06-21 09:53:44 +00:00,0,"competitor_gap, whitespark, worksheet_template",,,,,,
mapquest.com,citation,No,14.95,5,1,ascendantny,Map,89,2,No,Yes,Yes,Yes,2025-11-09 12:52:13 +00:00,0,"competitor_gap, whitespark, worksheet_template",,,,,,
crunchbase.com,citation,No,13.8,4.75,1,ascendantny,Database,91,2,No,Yes,,Yes,2025-03-07 18:13:36 +00:00,5,"competitor_gap, worksheet_template",,,,,,
addictionresource.com,citation,No,11.83,8.23,2,"ascendantny, acirehab",,52,,,,Yes,Yes,2026-01-23 15:03:25 +00:00,0,"competitor_gap, whitespark",,,,,,
linkedin.com,citation,No,10.95,,,,Directories,99,1,No,Yes,Yes,,,,"whitespark, worksheet_template",,,,,,
facebook.com,citation,No,10.8,,,,Directories,96,1,No,Yes,Yes,,,,"whitespark, worksheet_template",,,,,,
x.com,citation,No,10.75,,,,Profile,95,1,No,Yes,Yes,,,,"whitespark, worksheet_template",,,,,,
biohackhive.com,backlink,No,10.7,10.7,3,"ascendantny, acirehab, genesisdob",,,,,,,Yes,2024-10-28 14:42:54 +00:00,0,competitor_gap,,,,,,
betteraddictioncare.com,citation,No,10.7,8,2,"ascendantny, acirehab",,34,,,,Yes,Yes,2025-10-10 11:02:05 +00:00,0,"competitor_gap, whitespark",,,,,,
instagram.com,citation,No,10.7,,,,Profile,94,1,No,Yes,Yes,,,,"whitespark, worksheet_template",,,,,,
yelp.com,citation,No,10.7,,,,Directories,94,1,No,Yes,Yes,,,,"whitespark, worksheet_template",,,,,,
sobasearch.com,citation,No,10.4,10.4,2,"ascendantny, genesisdob",,,,,,,Yes,2026-03-09 19:24:55 +00:00,0,competitor_gap,,,,,,
addictionhelplineamerica.com,backlink,No,10.05,8,2,"ascendantny, acirehab",,21,,,,Yes,Yes,2025-09-22 16:08:27 +00:00,0,"competitor_gap, whitespark",,,,,,
google.com,citation,No,10,,,,Map,100,1,No,Yes,,,,,worksheet_template,,,,,,
yellowpages.com,citation,No,10,,,,Directories,90,2,No,Yes,Yes,,,,"whitespark, worksheet_template",,,,,,
apple.com,citation,No,9.95,,,,Profile,99,1,No,Yes,,,,,worksheet_template,,,,,,
tiktok.com,citation,No,9.8,,,,Profile,96,1,No,Yes,,,,,worksheet_template,,,,,,
pinterest.com,citation,No,9.7,,,,Profile,94,1,No,Yes,,,,,worksheet_template,,,,,,
bing.com,citation,No,9.65,,,,Map,93,1,No,Yes,,,,,worksheet_template,,,,,,
quora.com,backlink,No,9.65,,,,Blogging Sites,93,1,No,Yes,,,,,worksheet_template,,,,,,
manta.com,citation,No,9.55,,,,Directories,81,2,No,Yes,Yes,,,,"whitespark, worksheet_template",,,,,,
blogger.com,backlink,No,9.5,,,,Blogging Sites,100,2,No,Yes,,,,,worksheet_template,,,,,,
nextdoor.com,citation,No,9.15,,,,Profile,83,1,No,Yes,,,,,worksheet_template,,,,,,
wikimapia.org,citation,No,9.05,,,,Map,91,2,No,Yes,,,,,worksheet_template,,,,,,
addictioncenter.com,citation,No,9,5,1,ascendantny,,60,,,,Yes,Yes,2026-01-15 11:05:55 +00:00,0,"competitor_gap, whitespark",,,,,,
about.me,citation,No,8.6,,,,Profile,92,3,No,Yes,,,,,worksheet_template,,,,,,
behance.net,citation,No,8.6,,,,Profile,92,3,No,Yes,,,,,worksheet_template,,,,,,
evernote.com,backlink,No,8.6,,,,CMS,92,3,Yes,Yes,,,,,worksheet_template,,,,,,
foursquare.com,citation,No,8.6,,,,Directories,92,3,No,Yes,,,,,worksheet_template,,,,,,
reddit.com,citation,No,8.6,,,,Profile,92,3,No,Yes,,,,,worksheet_template,,,,,,
scoop.it,backlink,No,8.6,,,,Blogging Sites,92,3,Yes,Yes,,,,,worksheet_template,,,,,,
substack.com,backlink,No,8.6,,,,Blogging Sites,92,3,Yes,Yes,,,,,worksheet_template,,,,,,
trello.com,backlink,No,8.6,,,,CMS,92,3,No,Yes,,,,,worksheet_template,,,,,,
waze.com,citation,No,8.6,,,,Map,92,3,No,Yes,,,,,worksheet_template,,,,,,
sobernation.com,citation,No,8.5,5,1,acirehab,,50,,,,Yes,Yes,2023-11-04 10:31:34 +00:00,0,"competitor_gap, whitespark",,,,,,
homeadvisor.com,citation,No,8.5,,,,Directories,80,2,No,Yes,,,,,worksheet_template,,,,,,
merchantcircle.com,citation,No,8.4,,,,Directories,78,2,No,Yes,,,,,worksheet_template,,,,,,
showmelocal.com,citation,No,8.25,,,,Directories,55,2,No,Yes,Yes,,,,"whitespark, worksheet_template",,,,,,
rehabspot.com,citation,No,8,8,2,"ascendantny, acirehab",,,,,,,Yes,2024-08-09 20:57:57 +00:00,0,competitor_gap,,,,,,
quest2recovery.com,citation,No,8,8,2,"ascendantny, acirehab",,,,,,,Yes,2025-10-06 09:14:01 +00:00,0,competitor_gap,,,,,,
hoursfinder.com,citation,No,8,8,2,"ascendantny, acirehab",,,,,,,Yes,2025-10-06 00:05:16 +00:00,0,competitor_gap,,,,,,
addicthelp.org,backlink,No,8,6,2,"ascendantny, acirehab",,20,,,,Yes,Yes,2025-09-19 00:01:33 +00:00,0,"competitor_gap, whitespark",,,,,,
prohealthfirst.com,backlink,No,7.7,7.7,2,"ascendantny, acirehab",,,,,,,Yes,2025-06-04 03:12:39 +00:00,0,competitor_gap,,,,,,
rehab-bookings.com,backlink,No,7.7,7.7,2,"ascendantny, acirehab",,,,,,,Yes,2025-01-13 03:31:09 +00:00,0,competitor_gap,,,,,,
healthhelplocator.org,backlink,No,7.65,7.65,2,"ascendantny, acirehab",,,,,,,Yes,2021-11-29 09:15:54 +00:00,5,competitor_gap,,,,,,
acirehab.com,citation,No,7.63,7.63,1,acirehab,,,,,,,Yes,2025-08-04 20:36:20 +00:00,30,competitor_gap,,,,,,
bingplaces.com,citation,No,7.55,,,,Directories,51,1,No,Yes,,,,,worksheet_template,,,,,,
chamberofcommerce.com,citation,No,7.5,,,,Directories,60,2,No,Yes,,,,,worksheet_template,,,,,,
findrecoverynow.org,backlink,No,7.23,6.23,2,"ascendantny, acirehab",,,,,,Yes,Yes,2025-07-31 06:21:20 +00:00,0,"competitor_gap, whitespark",,,,,,
matsdirectory.com,citation,No,7.2,5.7,1,acirehab,,10,,,,Yes,Yes,2023-07-28 06:47:52 +00:00,20,"competitor_gap, whitespark",,,,,,
elodiebarathe.com,backlink,No,7.17,7.17,2,"ascendantny, acirehab",,,,,,,Yes,2025-12-22 04:35:13 +00:00,0,competitor_gap,,,,,,
triggrhealth.com,backlink,No,7,6,2,"ascendantny, acirehab",,,,,,Yes,Yes,2023-09-26 13:57:21 +00:00,0,"competitor_gap, whitespark",,,,,,
cylex.us.com,backlink,No,7,3,1,ascendantny,Directories,,3,No,Yes,,Yes,2026-02-07 01:32:38 +00:00,0,"competitor_gap, worksheet_template",,,,,,
medium.com,backlink,No,7,3,1,ascendantny,Blogging Sites,,3,Yes,Yes,,Yes,2025-12-22 03:28:15 +00:00,0,"competitor_gap, worksheet_template",,,,,,
propertycapsule.com,citation,No,6.95,,,,Map,49,2,No,Yes,,,,,worksheet_template,,,,,,
macraesbluebook.com,citation,No,6.75,,,,Database,45,2,No,Yes,,,,,worksheet_template,,,,,,
trustlink.org,citation,No,6.75,,,,Reviews,45,2,No,Yes,,,,,worksheet_template,,,,,,
mylocalservices.com,citation,No,6.75,,,,Directories,35,3,No,Yes,Yes,,,,"whitespark, worksheet_template",,,,,,
rehabcosts.org,backlink,No,6.7,4.7,1,acirehab,,20,,,,Yes,Yes,2022-07-25 12:44:07 +00:00,0,"competitor_gap, whitespark",,,,,,
mapcustomizer.com,citation,No,6.7,,,,Map,44,2,No,Yes,,,,,worksheet_template,,,,,,
askmap.net,citation,No,6.65,,,,Map,53,3,No,Yes,,,,,worksheet_template,,,,,,
yellow.place,citation,No,6.5,,,,Directories,40,2,No,Yes,,,,,worksheet_template,,,,,,
zipleaf.com,citation,No,6.5,,,,Directories,40,2,No,Yes,,,,,worksheet_template,,,,,,
loosidapp.com,backlink,No,6.4,3,1,ascendantny,,48,,,,Yes,Yes,2025-12-18 01:39:17 +00:00,0,"competitor_gap, whitespark",,,,,,
agreatertown.com,backlink,No,6.25,3,1,ascendantny,,45,,,,Yes,Yes,2025-07-07 04:49:53 +00:00,0,"competitor_gap, whitespark",,,,,,
uscity.net,citation,No,6.2,,,,Directories,44,3,No,Yes,,,,,worksheet_template,,,,,,
opendi.us,citation,No,6.15,,,,Directories,43,3,No,Yes,,,,,worksheet_template,,,,,,
whofish.org,citation,No,6.15,,,,Directories,43,3,No,Yes,,,,,worksheet_template,,,,,,
igotbiz.com,citation,No,6.05,,,,Directories,41,3,No,Yes,,,,,worksheet_template,,,,,,
jayde.com,citation,No,6.05,,,,Directories,41,3,No,Yes,,,,,worksheet_template,,,,,,
manninghammedicalcentre.com.au,backlink,No,6,6,2,"ascendantny, acirehab",,,,,,,Yes,2023-08-30 20:29:07 +00:00,0,competitor_gap,,,,,,
mountvernondrugrehabcenters.com,backlink,No,6,6,2,"ascendantny, acirehab",,,,,,,Yes,2025-12-03 23:50:24 +00:00,0,competitor_gap,,,,,,
betterlocals.com,backlink,No,6,6,2,"ascendantny, genesisdob",,,,,,,Yes,2025-11-13 13:42:48 +00:00,0,competitor_gap,,,,,,
recuperatuvida.us,backlink,No,6,6,2,"ascendantny, acirehab",,,,,,,Yes,2025-05-18 13:59:58 +00:00,0,competitor_gap,,,,,,
archynetys.com,backlink,No,6,6,2,"ascendantny, acirehab",,,,,,,Yes,2026-03-01 14:28:36 +00:00,0,competitor_gap,,,,,,
help.org,backlink,No,6,3,1,acirehab,,40,,,,Yes,Yes,2023-10-03 10:44:24 +00:00,0,"competitor_gap, whitespark",,,,,,
businessyab.com,citation,No,6,,,,Directories,40,3,No,Yes,,,,,worksheet_template,,,,,,
addictiontreatmentmagazine.com,backlink,No,5.85,3,1,acirehab,,37,,,,Yes,Yes,2024-02-06 08:21:43 +00:00,0,"competitor_gap, whitespark",,,,,,
top10rehabs.com,citation,No,5.73,5.73,1,ascendantny,,,,,,,Yes,2025-02-27 21:22:27 +00:00,10,competitor_gap,,,,,,
scribd.com,citation,No,5.7,,,,,94,,,,Yes,,,,whitespark,,,,,,
cdc.gov,citation,No,5.7,,,,,94,,,,Yes,,,,whitespark,,,,,,
issuu.com,citation,No,5.7,,,,,94,,,,Yes,,,,whitespark,,,,,,
wordpress.com,citation,No,5.7,,,,,94,,,,Yes,,,,whitespark,,,,,,
webmd.com,citation,No,5.7,,,,,94,,,,Yes,,,,whitespark,,,,,,
nationaltasc.org,backlink,No,5.65,3,1,ascendantny,,33,,,,Yes,Yes,2023-03-30 06:58:04 +00:00,0,"competitor_gap, whitespark",,,,,,
yahoo.com,citation,No,5.65,,,,,93,,,,Yes,,,,whitespark,,,,,,
psychologytoday.com,citation,No,5.65,,,,,93,,,,Yes,,,,whitespark,,,,,,
yandex.ru,citation,No,5.65,,,,,93,,,,Yes,,,,whitespark,,,,,,
healthbenefitstimes.com,backlink,No,5.63,5.63,1,ascendantny,,,,,,,Yes,2022-02-17 07:24:34 +00:00,0,competitor_gap,,,,,,
scholarlyo.com,backlink,No,5.63,5.63,1,ascendantny,,,,,,,Yes,2024-03-27 02:38:47 +00:00,0,competitor_gap,,,,,,
newsday.com,citation,No,5.6,,,,,92,,,,Yes,,,,whitespark,,,,,,
patch.com,citation,No,5.55,,,,,91,,,,Yes,,,,whitespark,,,,,,
rutgers.edu,citation,No,5.55,,,,,91,,,,Yes,,,,whitespark,,,,,,
ny.gov,citation,No,5.5,,,,,90,,,,Yes,,,,whitespark,,,,,,
yumpu.com,citation,No,5.5,,,,,90,,,,Yes,,,,whitespark,,,,,,
prweb.com,citation,No,5.5,,,,,90,,,,Yes,,,,whitespark,,,,,,
freerehabcenters.org,citation,No,5.47,5.47,1,acirehab,,,,,,,Yes,2023-11-25 04:53:06 +00:00,0,competitor_gap,,,,,,
d-addicts.com,backlink,No,5.4,5.4,1,ascendantny,,,,,,,Yes,2022-06-16 20:28:06 +00:00,0,competitor_gap,,,,,,
fooyoh.com,backlink,No,5.4,5.4,1,ascendantny,,,,,,,Yes,2021-05-14 04:25:34 +00:00,0,competitor_gap,,,,,,
hhs.gov,citation,No,5.4,,,,,88,,,,Yes,,,,whitespark,,,,,,
womenrehab.org,backlink,No,5.38,5.38,1,acirehab,,,,,,,Yes,2021-11-06 16:39:42 +00:00,5,competitor_gap,,,,,,
recoveryrehab.co,backlink,No,5.33,3.83,1,ascendantny,,10,,,,Yes,Yes,2022-05-14 13:38:20 +00:00,0,"competitor_gap, whitespark",,,,,,
bippermedia.com,citation,No,5.3,,,,,76,,No,Yes,Yes,,,,"whitespark, worksheet_template",,,,,,
cuny.edu,citation,No,5.3,,,,,86,,,,Yes,,,,whitespark,,,,,,
hellomissniki.com,backlink,No,5.27,5.27,1,ascendantny,,,,,,,Yes,2025-12-01 02:00:41 +00:00,0,competitor_gap,,,,,,
ktla.com,citation,No,5.1,,,,,82,,,,Yes,,,,whitespark,,,,,,
best-rehabs.com,citation,No,5.02,5.02,1,acirehab,,,,,,,Yes,2021-09-05 02:58:09 +00:00,15,competitor_gap,,,,,,
ceyplex.com,citation,No,5.02,5.02,1,ascendantny,,,,,,,Yes,2022-12-10 19:57:59 +00:00,7,competitor_gap,,,,,,
lifebehavior.net,backlink,No,5,5,1,ascendantny,,,,,,,Yes,2025-10-14 02:13:47 +00:00,0,competitor_gap,,,,,,
directory9.net,citation,No,5,5,1,ascendantny,,,,,,,Yes,2024-05-23 07:30:24 +00:00,0,competitor_gap,,,,,,
superpages.com,citation,No,5,5,1,ascendantny,,,,,,,Yes,2025-06-02 14:58:34 +00:00,0,competitor_gap,,,,,,
floridaaddictionresource.com,citation,No,5,5,1,ascendantny,,,,,,,Yes,2026-02-23 18:12:26 +00:00,0,competitor_gap,,,,,,
onedrugrehab.com,citation,No,5,5,1,ascendantny,,,,,,,Yes,2025-11-24 13:42:07 +00:00,0,competitor_gap,,,,,,
100nutrix.com,citation,No,5,5,1,ascendantny,,,,,,,Yes,2025-01-02 04:33:59 +00:00,0,competitor_gap,,,,,,
aristarecovery.com,citation,No,5,5,1,ascendantny,,,,,,,Yes,2024-04-11 02:31:12 +00:00,0,competitor_gap,,,,,,
rosewoodatx.com,citation,No,5,5,1,ascendantny,,,,,,,Yes,2023-12-03 04:51:49 +00:00,0,competitor_gap,,,,,,
soberlink.com,citation,No,5,5,1,ascendantny,,,,,,,Yes,2025-11-05 01:37:14 +00:00,0,competitor_gap,,,,,,
callftx.com,citation,No,5,5,1,ascendantny,,,,,,,Yes,2025-07-11 08:58:35 +00:00,0,competitor_gap,,,,,,
cobboutpatientdetox.com,citation,No,5,5,1,acirehab,,,,,,,Yes,2025-12-20 21:39:14 +00:00,0,competitor_gap,,,,,,
yourfirststep.org,citation,No,5,5,1,acirehab,,,,,,,Yes,2024-04-29 22:52:16 +00:00,0,competitor_gap,,,,,,
oceansluxuryrehab.com,citation,No,5,5,1,acirehab,,,,,,,Yes,2026-05-02 23:23:27 +00:00,0,competitor_gap,,,,,,
carolinaoutpatientdetox.com,citation,No,5,5,1,acirehab,,,,,,,Yes,2025-10-12 01:28:07 +00:00,0,competitor_gap,,,,,,
hopebridgerecovery.com,citation,No,5,5,1,acirehab,,,,,,,Yes,2024-09-02 22:56:08 +00:00,0,competitor_gap,,,,,,
google my map,citation,No,5,,,,Map,,1,No,Yes,,,,,worksheet_template,,,,,,
elocal.com,citation,No,5,,,,Directories,,1,No,Yes,,,,,worksheet_template,,,,,,
groupon.com,citation,No,5,,,,Directories,,1,No,Yes,,,,,worksheet_template,,,,,,
zillow.com,citation,No,5,,,,Directories,,1,No,Yes,,,,,worksheet_template,,,,,,
techdirectory.io,citation,No,5,,,,Directories,,1,No,Yes,,,,,worksheet_template,,,,,,
weebly.com,backlink,No,5,,,,CMS,,1,No,Yes,,,,,worksheet_template,,,,,,
rehabilitationbd.com,backlink,No,4.93,4.93,1,ascendantny,,,,,,,Yes,2025-11-17 10:42:14 +00:00,0,competitor_gap,,,,,,
choosehelp.com,citation,No,4.9,4.9,1,acirehab,,,,,,,Yes,2020-02-21 20:40:49 +00:00,2,competitor_gap,,,,,,
fox5sandiego.com,citation,No,4.9,,,,,78,,,,Yes,,,,whitespark,,,,,,
flowersite.net,backlink,No,4.8,4.8,1,ascendantny,,,,,,,Yes,2022-06-25 09:18:13 +00:00,0,competitor_gap,,,,,,
myfox8.com,citation,No,4.8,,,,,76,,,,Yes,,,,whitespark,,,,,,
newschannelnebraska.com,citation,No,4.75,,,,,75,,,,Yes,,,,whitespark,,,,,,
thefrisky.com,backlink,No,4.7,4.7,1,ascendantny,,,,,,,Yes,2026-04-15 14:45:37 +00:00,0,competitor_gap,,,,,,
realitypaper.com,backlink,No,4.7,4.7,1,ascendantny,,,,,,,Yes,2026-04-14 21:50:31 +00:00,0,competitor_gap,,,,,,
peruemb.org,backlink,No,4.7,4.7,1,ascendantny,,,,,,,Yes,2026-03-04 05:27:02 +00:00,0,competitor_gap,,,,,,
womenhealth1.com,backlink,No,4.7,4.7,1,ascendantny,,,,,,,Yes,2026-01-24 02:48:35 +00:00,0,competitor_gap,,,,,,
newsorator.com,backlink,No,4.7,4.7,1,ascendantny,,,,,,,Yes,2025-12-19 03:58:16 +00:00,0,competitor_gap,,,,,,
barefootsworld.net,backlink,No,4.7,4.7,1,ascendantny,,,,,,,Yes,2025-11-22 00:04:35 +00:00,0,competitor_gap,,,,,,
thehealthmags.com,backlink,No,4.7,4.7,1,ascendantny,,,,,,,Yes,2025-10-20 10:34:59 +00:00,0,competitor_gap,,,,,,
apnnews.com,backlink,No,4.7,4.7,1,ascendantny,,,,,,,Yes,2025-08-13 01:50:42 +00:00,0,competitor_gap,,,,,,
mindowl.org,backlink,No,4.7,4.7,1,ascendantny,,,,,,,Yes,2025-06-19 03:03:50 +00:00,0,competitor_gap,,,,,,
cms.gov,citation,No,4.7,,,,,74,,,,Yes,,,,whitespark,,,,,,
dnb.com,citation,No,4.7,,,,,74,,,,Yes,,,,whitespark,,,,,,
sharecare.com,citation,No,4.65,,,,,73,,,,Yes,,,,whitespark,,,,,,
guidestar.org,citation,No,4.65,,,,,73,,,,Yes,,,,whitespark,,,,,,
cityofnewyork.us,citation,No,4.6,,,,,72,,,,Yes,,,,whitespark,,,,,,
alignable.com,citation,No,4.6,,,,,72,,,,Yes,,,,whitespark,,,,,,
healthgrades.com,citation,No,4.55,,,,,71,,,,Yes,,,,whitespark,,,,,,
thumbtack.com,citation,No,4.5,,,,Directories,,2,No,Yes,,,,,worksheet_template,,,,,,
houzz.com,citation,No,4.5,,,,Directories,,2,No,Yes,,,,,worksheet_template,,,,,,
hub.biz,citation,No,4.5,,,,Directories,,2,No,Yes,,,,,worksheet_template,,,,,,
8newsnow.com,citation,No,4.5,,,,,70,,,,Yes,,,,whitespark,,,,,,
drugabuse.com,citation,No,4.5,,,,,70,,,,Yes,,,,whitespark,,,,,,
providence.org,citation,No,4.5,,,,,70,,,,Yes,,,,whitespark,,,,,,
evokingminds.com,backlink,No,4.45,4.45,1,ascendantny,,,,,,,Yes,2023-02-03 20:11:50 +00:00,5,competitor_gap,,,,,,
drugrehabnewyork.com,backlink,No,4.45,3,1,acirehab,,9,,,,Yes,Yes,2019-01-18 00:08:35 +00:00,0,"competitor_gap, whitespark",,,,,,
openpr.com,citation,No,4.35,,,,,67,,,,Yes,,,,whitespark,,,,,,
yourcentralvalley.com,citation,No,4.35,,,,,67,,,,Yes,,,,whitespark,,,,,,
sunny-properties.com,backlink,No,4.33,4.33,1,ascendantny,,,,,,,Yes,2023-11-03 03:18:59 +00:00,8,competitor_gap,,,,,,
websta.me,backlink,No,4.32,4.32,1,ascendantny,,,,,,,Yes,2021-08-05 18:51:02 +00:00,3,competitor_gap,,,,,,
singlecare.com,backlink,No,4.3,4.3,1,ascendantny,,,,,,,Yes,2023-03-12 20:45:52 +00:00,0,competitor_gap,,,,,,
rochesterfirst.com,citation,No,4.3,,,,,66,,,,Yes,,,,whitespark,,,,,,
zabasearch.com,citation,No,4.25,,,,,65,,,,Yes,,,,whitespark,,,,,,
congresocimer.es,backlink,No,4.2,4.2,1,acirehab,,,,,,,Yes,2024-12-01 02:47:14 +00:00,10,competitor_gap,,,,,,
rehabs.com,citation,No,4.2,,,,,64,,,,Yes,,,,whitespark,,,,,,
acufamilyhealthcare.com,backlink,No,4.17,4.17,1,ascendantny,,,,,,,Yes,2024-06-14 13:52:06 +00:00,0,competitor_gap,,,,,,
einpresswire.com,citation,No,4.15,,,,,63,,,,Yes,,,,whitespark,,,,,,
boodvape.com,backlink,No,4.13,4.13,1,ascendantny,,,,,,,Yes,2025-12-10 12:35:45 +00:00,0,competitor_gap,,,,,,
topdawglabs.com,backlink,No,4.13,4.13,1,ascendantny,,,,,,,Yes,2022-01-03 04:26:35 +00:00,0,competitor_gap,,,,,,
alcohol.org,citation,No,4.1,,,,,62,,,,Yes,,,,whitespark,,,,,,
medicalnewstoday.com,backlink,No,4.08,3.08,1,ascendantny,,,,,,Yes,Yes,2023-06-27 07:35:01 +00:00,15,"competitor_gap, whitespark",,,,,,
coalitionforthehomeless.org,citation,No,4.05,,,,,61,,,,Yes,,,,whitespark,,,,,,
longislandinterventions.com,backlink,No,4,3,1,ascendantny,,,,,,Yes,Yes,2025-08-02 00:46:16 +00:00,0,"competitor_gap, whitespark",,,,,,
reachrecovere.com,backlink,No,4,3,1,genesisdob,,,,,,Yes,Yes,2024-11-20 16:17:39 +00:00,0,"competitor_gap, whitespark",,,,,,
homestars.com,citation,No,4,,,,Directories,,3,No,Yes,,,,,worksheet_template,,,,,,
porch.com,citation,No,4,,,,Directories,,3,No,Yes,,,,,worksheet_template,,,,,,
aroundmeapp.com,citation,No,4,,,,Map,,3,No,Yes,,,,,worksheet_template,,,,,,
brownbook.net,citation,No,4,,,,Directories,,3,No,Yes,,,,,worksheet_template,,,,,,
ibegin.com,citation,No,4,,,,Directories,,3,No,Yes,,,,,worksheet_template,,,,,,
2findlocal.com,citation,No,4,,,,Directories,,3,No,Yes,,,,,worksheet_template,,,,,,
ablocal.com,citation,No,4,,,,Directories,,3,No,Yes,,,,,worksheet_template,,,,,,
ezlocal.com,citation,No,4,,,,Directories,,3,No,Yes,,,,,worksheet_template,,,,,,
citysquares.com,citation,No,4,,,,Directories,,3,No,Yes,,,,,worksheet_template,,,,,,
the-dots.com,citation,No,4,,,,Profile,,3,No,Yes,,,,,worksheet_template,,,,,,
wheree.com,citation,No,4,,,,Directories,,3,No,Yes,,,,,worksheet_template,,,,,,
storeboard.com,citation,No,4,,,,Directories,,3,Yes,Yes,,,,,worksheet_template,,,,,,
ebusinesspages.com,citation,No,4,,,,Directories,,3,No,Yes,,,,,worksheet_template,,,,,,
penzu.com,backlink,No,4,,,,Blogging Sites,,3,Yes,Yes,,,,,worksheet_template,,,,,,
giphy.com,citation,No,4,,,,Profile,,3,No,Yes,,,,,worksheet_template,,,,,,
unsplash.com,citation,No,4,,,,Profile,,3,No,Yes,,,,,worksheet_template,,,,,,
addictions.com,citation,No,4,,,,,60,,,,Yes,,,,whitespark,,,,,,
theeventchronicle.com,backlink,No,3.97,3.97,1,ascendantny,,,,,,,Yes,2021-04-17 15:13:34 +00:00,0,competitor_gap,,,,,,
healthplusfinder.com,backlink,No,3.95,3.95,1,ascendantny,,,,,,,Yes,2025-11-28 15:31:51 +00:00,15,competitor_gap,,,,,,
centralindex.com,citation,No,3.9,,,,,58,,,,Yes,,,,whitespark,,,,,,
datanyze.com,citation,No,3.9,,,,,58,,,,Yes,,,,whitespark,,,,,,
faithstreet.com,citation,No,3.9,,,,,58,,,,Yes,,,,whitespark,,,,,,
citizensjournals.com,backlink,No,3.87,3.87,1,ascendantny,,,,,,,Yes,2024-03-08 11:30:42 +00:00,0,competitor_gap,,,,,,
projectswole.com,backlink,No,3.83,3.83,1,ascendantny,,,,,,,Yes,2023-10-04 23:36:19 +00:00,0,competitor_gap,,,,,,
c99.nl,backlink,No,3.82,3.82,1,acirehab,,,,,,,Yes,2025-09-17 17:08:31 +00:00,15,competitor_gap,,,,,,
bestlifeonline.com,backlink,No,3.8,3.8,1,ascendantny,,,,,,,Yes,2022-12-07 10:58:05 +00:00,0,competitor_gap,,,,,,
healthcarebusinesstoday.com,backlink,No,3.8,3.8,1,ascendantny,,,,,,,Yes,2021-12-17 12:49:11 +00:00,0,competitor_gap,,,,,,
pocketbrew.com,backlink,No,3.8,3.8,1,acirehab,,,,,,,Yes,2024-09-30 13:55:24 +00:00,0,competitor_gap,,,,,,
distrilist.eu,backlink,No,3.77,3.77,1,ascendantny,,,,,,,Yes,2025-02-12 00:05:21 +00:00,0,competitor_gap,,,,,,
gugelin.com,backlink,No,3.77,3.77,1,ascendantny,,,,,,,Yes,2025-11-17 19:39:25 +00:00,0,competitor_gap,,,,,,
heandshefitness.com,backlink,No,3.77,3.77,1,ascendantny,,,,,,,Yes,2026-04-20 07:43:42 +00:00,0,competitor_gap,,,,,,
naturalfithealth.com,backlink,No,3.77,3.77,1,ascendantny,,,,,,,Yes,2026-03-19 07:15:36 +00:00,0,competitor_gap,,,,,,
mobilehealthdata.com,backlink,No,3.77,3.77,1,ascendantny,,,,,,,Yes,2026-02-02 11:50:47 +00:00,0,competitor_gap,,,,,,
newsbox7.com,backlink,No,3.77,3.77,1,ascendantny,,,,,,,Yes,2025-11-06 07:54:27 +00:00,0,competitor_gap,,,,,,
natural-living-for-women.com,backlink,No,3.77,3.77,1,ascendantny,,,,,,,Yes,2025-09-09 21:36:17 +00:00,0,competitor_gap,,,,,,
askcorran.com,backlink,No,3.77,3.77,1,ascendantny,,,,,,,Yes,2025-06-18 15:32:15 +00:00,0,competitor_gap,,,,,,
recoveryadviser.com,backlink,No,3.77,3.77,1,acirehab,,,,,,,Yes,2024-03-31 01:25:11 +00:00,0,competitor_gap,,,,,,
soberstandard.com,backlink,No,3.73,3.73,1,ascendantny,,,,,,,Yes,2025-06-27 21:04:25 +00:00,0,competitor_gap,,,,,,
atebits.com,backlink,No,3.73,3.73,1,ascendantny,,,,,,,Yes,2023-01-19 18:20:36 +00:00,0,competitor_gap,,,,,,
callen-lorde.org,citation,No,3.7,,,,,54,,,,Yes,,,,whitespark,,,,,,
rocketreach.co,citation,No,3.7,,,,,54,,,,Yes,,,,whitespark,,,,,,
findhelp.org,citation,No,3.65,,,,,53,,,,Yes,,,,whitespark,,,,,,
ecfa.org,citation,No,3.65,,,,,53,,,,Yes,,,,whitespark,,,,,,
needhelppayingbills.com,citation,No,3.65,,,,,53,,,,Yes,,,,whitespark,,,,,,
nycfoodpolicy.org,citation,No,3.6,,,,,52,,,,Yes,,,,whitespark,,,,,,
thefocus.news,backlink,No,3.52,3.52,1,ascendantny,,,,,,,Yes,2025-09-26 04:56:57 +00:00,5,competitor_gap,,,,,,
growjo.com,backlink,No,3.5,3,1,ascendantny,,,,,Yes,,Yes,2025-06-08 06:29:58 +00:00,0,"competitor_gap, worksheet_template",,,,,,
auntbertha.com,citation,No,3.5,,,,,50,,,,Yes,,,,whitespark,,,,,,
healthmenza.com,backlink,No,3.47,3.47,1,ascendantny,,,,,,,Yes,2021-09-12 14:13:20 +00:00,0,competitor_gap,,,,,,
soberlist.org,backlink,No,3.47,3.47,1,acirehab,,,,,,,Yes,2025-05-19 05:20:58 +00:00,0,competitor_gap,,,,,,
b2byellowpages.com,citation,No,3.45,,,,,39,,,Yes,Yes,,,,"whitespark, worksheet_template",,,,,,
npidb.org,citation,No,3.45,,,,,49,,,,Yes,,,,whitespark,,,,,,
longislandexchange.com,citation,No,3.45,,,,,49,,,,Yes,,,,whitespark,,,,,,
buzzfile.com,citation,No,3.45,,,,,49,,,,Yes,,,,whitespark,,,,,,
thedigitalwhale.com,backlink,No,3.43,3.43,1,acirehab,,,,,,,Yes,2025-01-25 06:10:45 +00:00,2,competitor_gap,,,,,,
dashshaw.com,citation,No,3.4,,,,,48,,,,Yes,,,,whitespark,,,,,,
drug-rehabs.org,citation,No,3.35,,,,,47,,,,Yes,,,,whitespark,,,,,,
webcreateiow.com,backlink,No,3.32,3.32,1,ascendantny,,,,,,,Yes,2024-12-16 04:31:36 +00:00,11,competitor_gap,,,,,,
neustarlocaleze.biz,citation,No,3.3,,,,,46,,,,Yes,,,,whitespark,,,,,,
moneymailer.com,citation,No,3.3,,,,,46,,,,Yes,,,,whitespark,,,,,,
healthtopical.com,backlink,No,3.27,3.27,1,ascendantny,,,,,,,Yes,2021-09-13 00:48:03 +00:00,10,competitor_gap,,,,,,
addictionresource.net,citation,No,3.25,,,,,45,,,,Yes,,,,whitespark,,,,,,
scholarship-positions.com,backlink,No,3.23,3.23,1,ascendantny,,,,,,,Yes,2020-04-08 22:18:48 +00:00,0,competitor_gap,,,,,,
livinggossip.com,backlink,No,3.23,3.23,1,ascendantny,,,,,,,Yes,2026-04-28 12:13:25 +00:00,0,competitor_gap,,,,,,
usanews2day.com,backlink,No,3.23,3.23,1,ascendantny,,,,,,,Yes,2026-03-22 11:32:31 +00:00,0,competitor_gap,,,,,,
tishare.com,backlink,No,3.23,3.23,1,ascendantny,,,,,,,Yes,2026-02-20 20:55:43 +00:00,0,competitor_gap,,,,,,
animeaura.store,backlink,No,3.23,3.23,1,ascendantny,,,,,,,Yes,2025-11-26 13:28:24 +00:00,0,competitor_gap,,,,,,
networkermind.com,backlink,No,3.23,3.23,1,ascendantny,,,,,,,Yes,2025-09-22 15:33:39 +00:00,0,competitor_gap,,,,,,
ddfreedishnews.com,backlink,No,3.23,3.23,1,ascendantny,,,,,,,Yes,2025-05-31 08:35:36 +00:00,0,competitor_gap,,,,,,
vfmc.net,backlink,No,3.23,3.23,1,acirehab,,,,,,,Yes,2024-11-02 05:28:41 +00:00,0,competitor_gap,,,,,,
drugfree.com,backlink,No,3.23,3.23,1,acirehab,,,,,,,Yes,2024-09-10 11:45:32 +00:00,0,competitor_gap,,,,,,
findmentalhealthfacilities.org,backlink,No,3.23,3.23,1,acirehab,,,,,,,Yes,2025-04-06 06:51:20 +00:00,0,competitor_gap,,,,,,
village.do,backlink,No,3.23,3.23,1,acirehab,,,,,,,Yes,2025-03-05 22:55:47 +00:00,0,competitor_gap,,,,,,
yplocal.us,backlink,No,3.23,3.23,1,acirehab,,,,,,,Yes,2024-10-05 18:24:57 +00:00,0,competitor_gap,,,,,,
tomsguide.com,backlink,No,3.2,3.2,1,ascendantny,,,,,,,Yes,2024-11-18 03:59:29 +00:00,0,competitor_gap,,,,,,
1degree.org,citation,No,3.2,,,,,44,,,,Yes,,,,whitespark,,,,,,
hipaaspace.com,citation,No,3.15,,,,,43,,,,Yes,,,,whitespark,,,,,,
truepeoplesearch.com,citation,No,3.15,,,,,43,,,,Yes,,,,whitespark,,,,,,
myzeo.com,backlink,No,3.12,3.12,1,ascendantny,,,,,,,Yes,2025-09-23 14:20:12 +00:00,7,competitor_gap,,,,,,
freeclinics.com,citation,No,3.1,,,,,42,,,,Yes,,,,whitespark,,,,,,
npino.com,citation,No,3.1,,,,,42,,,,Yes,,,,whitespark,,,,,,
fitforjoy.org,backlink,No,3.03,3.03,1,ascendantny,,,,,,,Yes,2023-10-28 17:38:19 +00:00,0,competitor_gap,,,,,,
businesstodayweb.com,backlink,No,3.02,3.02,1,ascendantny,,,,,,,Yes,2026-03-18 02:26:34 +00:00,15,competitor_gap,,,,,,
summacontemporary.com,backlink,No,3.02,3.02,1,ascendantny,,,,,,,Yes,2025-08-05 05:50:51 +00:00,15,competitor_gap,,,,,,
jguru.com,backlink,No,3,3,1,ascendantny,,,,,,,Yes,2025-01-04 03:47:06 +00:00,0,competitor_gap,,,,,,
featured.com,backlink,No,3,3,1,ascendantny,,,,,,,Yes,2023-10-07 05:10:17 +00:00,0,competitor_gap,,,,,,
pvplive.net,backlink,No,3,3,1,ascendantny,,,,,,,Yes,2025-05-15 15:47:52 +00:00,0,competitor_gap,,,,,,
tatanka.nl,backlink,No,3,3,1,ascendantny,,,,,,,Yes,2024-06-15 22:57:39 +00:00,0,competitor_gap,,,,,,
sitelike.org,backlink,No,3,3,1,ascendantny,,,,,,,Yes,2024-07-10 17:45:38 +00:00,0,competitor_gap,,,,,,
womansworld.com,backlink,No,3,3,1,ascendantny,,,,,,,Yes,2024-12-21 13:42:32 +00:00,0,competitor_gap,,,,,,
usrehab.org,backlink,No,3,3,1,ascendantny,,,,,,,Yes,2023-04-06 09:52:49 +00:00,0,competitor_gap,,,,,,
somdigit.so,backlink,No,3,3,1,ascendantny,,,,,,,Yes,2026-01-31 17:33:14 +00:00,0,competitor_gap,,,,,,
photoenmarkarte.com,backlink,No,3,3,1,ascendantny,,,,,,,Yes,2026-01-16 04:37:26 +00:00,0,competitor_gap,,,,,,
location.com,backlink,No,3,3,1,ascendantny,,,,,,,Yes,2025-12-01 00:47:39 +00:00,0,competitor_gap,,,,,,
emporiomultimidia.com.br,backlink,No,3,3,1,ascendantny,,,,,,,Yes,2025-11-11 07:08:48 +00:00,0,competitor_gap,,,,,,
bestrehabcentres.com,backlink,No,3,3,1,ascendantny,,,,,,,Yes,2026-03-04 11:01:17 +00:00,0,competitor_gap,,,,,,
questiop.com,backlink,No,3,3,1,ascendantny,,,,,,,Yes,2026-02-25 19:19:01 +00:00,0,competitor_gap,,,,,,
thompsonandthompsonltd.com,backlink,No,3,3,1,ascendantny,,,,,,,Yes,2026-01-16 12:34:22 +00:00,0,competitor_gap,,,,,,
nationaldepressionhotline.org,backlink,No,3,3,1,ascendantny,,,,,,,Yes,2025-12-19 04:15:27 +00:00,0,competitor_gap,,,,,,
savvyhrpartner.com,backlink,No,3,3,1,ascendantny,,,,,,,Yes,2025-08-03 00:02:40 +00:00,0,competitor_gap,,,,,,
theflowspace.com,backlink,No,3,3,1,ascendantny,,,,,,,Yes,2025-04-17 15:25:02 +00:00,0,competitor_gap,,,,,,
mcpbhealth.com,backlink,No,3,3,1,ascendantny,,,,,,,Yes,2024-12-15 17:26:03 +00:00,0,competitor_gap,,,,,,
lusha.com,backlink,No,3,3,1,ascendantny,,,,,,,Yes,2024-11-06 20:13:34 +00:00,0,competitor_gap,,,,,,
prnewswire.com,backlink,No,3,3,1,ascendantny,,,,,,,Yes,2024-07-14 18:46:30 +00:00,0,competitor_gap,,,,,,
renaissanceranch.net,backlink,No,3,3,1,ascendantny,,,,,,,Yes,2022-10-31 13:39:30 +00:00,0,competitor_gap,,,,,,
instantbazinga.com,backlink,No,3,3,1,ascendantny,,,,,,,Yes,2021-09-11 12:43:07 +00:00,0,competitor_gap,,,,,,
connectively.us,backlink,No,3,3,1,ascendantny,,,,,,,Yes,2026-05-08 01:11:06 +00:00,0,competitor_gap,,,,,,
fitwithheart.com,backlink,No,3,3,1,ascendantny,,,,,,,Yes,2026-03-02 16:00:16 +00:00,0,competitor_gap,,,,,,
mavcure.com,backlink,No,3,3,1,ascendantny,,,,,,,Yes,2026-02-22 18:27:36 +00:00,0,competitor_gap,,,,,,
goodmenproject.com,backlink,No,3,3,1,ascendantny,,,,,,,Yes,2025-12-30 23:56:54 +00:00,0,competitor_gap,,,,,,
healthy-roots.com,backlink,No,3,3,1,ascendantny,,,,,,,Yes,2025-11-25 18:35:49 +00:00,0,competitor_gap,,,,,,
a-z-animals.com,backlink,No,3,3,1,ascendantny,,,,,,,Yes,2025-11-10 08:28:44 +00:00,0,competitor_gap,,,,,,
businessinsider.com,backlink,No,3,3,1,ascendantny,,,,,,,Yes,2025-11-08 18:38:54 +00:00,0,competitor_gap,,,,,,
105.20,backlink,No,3,3,1,ascendantny,,,,,,,Yes,2025-10-12 03:08:33 +00:00,0,competitor_gap,,,,,,
nckl.gov.kh,backlink,No,3,3,1,ascendantny,,,,,,,Yes,2025-07-31 22:36:00 +00:00,0,competitor_gap,,,,,,
doctor.com,backlink,No,3,3,1,ascendantny,,,,,,,Yes,2025-07-02 10:26:47 +00:00,0,competitor_gap,,,,,,
themindsjournal.com,backlink,No,3,3,1,ascendantny,,,,,,,Yes,2025-06-23 15:40:01 +00:00,0,competitor_gap,,,,,,
techronicler.com,backlink,No,3,3,1,ascendantny,,,,,,,Yes,2025-06-20 19:32:30 +00:00,0,competitor_gap,,,,,,
glarity.app,backlink,No,3,3,1,ascendantny,,,,,,,Yes,2025-05-04 16:08:04 +00:00,0,competitor_gap,,,,,,
getsethappy.com,backlink,No,3,3,1,ascendantny,,,,,,,Yes,2025-04-22 19:19:34 +00:00,0,competitor_gap,,,,,,
solutionsuggest.com,backlink,No,3,3,1,ascendantny,,,,,,,Yes,2025-01-22 12:19:08 +00:00,0,competitor_gap,,,,,,
justlanded.de,backlink,No,3,3,1,ascendantny,,,,,,,Yes,2024-12-24 20:42:42 +00:00,0,competitor_gap,,,,,,
nur.kz,backlink,No,3,3,1,ascendantny,,,,,,,Yes,2024-10-27 07:18:52 +00:00,0,competitor_gap,,,,,,
recoveryexcellence.com,backlink,No,3,3,1,ascendantny,,,,,,,Yes,2024-10-08 15:11:21 +00:00,0,competitor_gap,,,,,,
golocal247.com,backlink,No,3,3,1,ascendantny,,,,,,,Yes,2024-03-22 01:11:10 +00:00,0,competitor_gap,,,,,,
morninglazziness.com,backlink,No,3,3,1,ascendantny,,,,,,,Yes,2024-03-17 00:31:15 +00:00,0,competitor_gap,,,,,,
stylebeautyhealth.com,backlink,No,3,3,1,ascendantny,,,,,,,Yes,2024-02-20 06:01:09 +00:00,0,competitor_gap,,,,,,
justlanded.co.uk,backlink,No,3,3,1,ascendantny,,,,,,,Yes,2023-10-25 01:22:57 +00:00,0,competitor_gap,,,,,,
justlanded.com,backlink,No,3,3,1,ascendantny,,,,,,,Yes,2023-10-07 20:11:46 +00:00,0,competitor_gap,,,,,,
jobvite.com,backlink,No,3,3,1,ascendantny,,,,,,,Yes,2023-10-04 00:13:41 +00:00,0,competitor_gap,,,,,,
joveo.com,backlink,No,3,3,1,ascendantny,,,,,,,Yes,2023-10-03 22:54:49 +00:00,0,competitor_gap,,,,,,
newsfulonline.com,backlink,No,3,3,1,ascendantny,,,,,,,Yes,2023-09-18 14:56:26 +00:00,0,competitor_gap,,,,,,
selfgrowth.com,backlink,No,3,3,1,ascendantny,,,,,,,Yes,2023-05-26 09:21:28 +00:00,0,competitor_gap,,,,,,
narbis.com,backlink,No,3,3,1,ascendantny,,,,,,,Yes,2023-02-04 09:42:15 +00:00,0,competitor_gap,,,,,,
million-click.com,backlink,No,3,3,1,ascendantny,,,,,,,Yes,2022-10-11 06:26:21 +00:00,0,competitor_gap,,,,,,
spacecoastdaily.com,backlink,No,3,3,1,ascendantny,,,,,,,Yes,2022-06-25 19:58:56 +00:00,0,competitor_gap,,,,,,
healthleafs.com,backlink,No,3,3,1,ascendantny,,,,,,,Yes,2022-01-26 17:04:26 +00:00,0,competitor_gap,,,,,,
thecompleteherbalguide.com,backlink,No,3,3,1,ascendantny,,,,,,,Yes,2022-01-26 16:46:05 +00:00,0,competitor_gap,,,,,,
semimd.com,backlink,No,3,3,1,ascendantny,,,,,,,Yes,2021-09-18 07:17:55 +00:00,0,competitor_gap,,,,,,
ugtechmag.com,backlink,No,3,3,1,ascendantny,,,,,,,Yes,2021-09-04 18:25:25 +00:00,0,competitor_gap,,,,,,
mondo.rs,backlink,No,3,3,1,ascendantny,,,,,,,Yes,2026-05-04 16:25:51 +00:00,0,competitor_gap,,,,,,
meloxicam.health,backlink,No,3,3,1,ascendantny,,,,,,,Yes,2026-05-03 05:05:11 +00:00,0,competitor_gap,,,,,,
stayprotect.pt,backlink,No,3,3,1,ascendantny,,,,,,,Yes,2026-04-27 14:23:32 +00:00,0,competitor_gap,,,,,,
parasolsshrooms.com,backlink,No,3,3,1,ascendantny,,,,,,,Yes,2026-04-23 21:36:09 +00:00,0,competitor_gap,,,,,,
yegthrive.ca,backlink,No,3,3,1,ascendantny,,,,,,,Yes,2026-04-20 15:49:35 +00:00,0,competitor_gap,,,,,,
newstepsystems.com,backlink,No,3,3,1,ascendantny,,,,,,,Yes,2026-04-15 07:51:40 +00:00,0,competitor_gap,,,,,,
dailydoityourself.com,backlink,No,3,3,1,ascendantny,,,,,,,Yes,2026-04-14 09:42:12 +00:00,0,competitor_gap,,,,,,
repugen.com,backlink,No,3,3,1,ascendantny,,,,,,,Yes,2026-04-09 20:49:34 +00:00,0,competitor_gap,,,,,,
generalmedicine.co,backlink,No,3,3,1,ascendantny,,,,,,,Yes,2026-03-24 19:24:02 +00:00,0,competitor_gap,,,,,,
editorialge.com,backlink,No,3,3,1,ascendantny,,,,,,,Yes,2026-03-24 08:58:39 +00:00,0,competitor_gap,,,,,,
imnepal.com,backlink,No,3,3,1,ascendantny,,,,,,,Yes,2026-03-15 22:44:08 +00:00,0,competitor_gap,,,,,,
fitndiets.com,backlink,No,3,3,1,ascendantny,,,,,,,Yes,2026-03-14 01:00:35 +00:00,0,competitor_gap,,,,,,
marketbusinesstimes.com,backlink,No,3,3,1,ascendantny,,,,,,,Yes,2026-03-13 19:06:22 +00:00,0,competitor_gap,,,,,,
cogniultra.com,backlink,No,3,3,1,ascendantny,,,,,,,Yes,2026-03-09 14:50:05 +00:00,0,competitor_gap,,,,,,
treatnheal.com,backlink,No,3,3,1,ascendantny,,,,,,,Yes,2026-03-09 11:46:53 +00:00,0,competitor_gap,,,,,,
ford-hadong.com,backlink,No,3,3,1,ascendantny,,,,,,,Yes,2026-03-06 22:35:33 +00:00,0,competitor_gap,,,,,,
aol.com,backlink,No,3,3,1,ascendantny,,,,,,,Yes,2026-03-06 09:17:56 +00:00,0,competitor_gap,,,,,,
portlandlandscapepros.com,backlink,No,3,3,1,ascendantny,,,,,,,Yes,2026-02-28 02:44:40 +00:00,0,competitor_gap,,,,,,
idcrawl.com,backlink,No,3,3,1,ascendantny,,,,,,,Yes,2026-02-28 02:04:51 +00:00,0,competitor_gap,,,,,,
chieftalentofficer.co,backlink,No,3,3,1,ascendantny,,,,,,,Yes,2026-02-25 19:26:39 +00:00,0,competitor_gap,,,,,,
forzacavese.net,backlink,No,3,3,1,ascendantny,,,,,,,Yes,2026-02-23 18:20:50 +00:00,0,competitor_gap,,,,,,
hairandbeautybc.com,backlink,No,3,3,1,ascendantny,,,,,,,Yes,2026-02-23 17:01:24 +00:00,0,competitor_gap,,,,,,
stylishster.net,backlink,No,3,3,1,ascendantny,,,,,,,Yes,2026-02-21 21:46:00 +00:00,0,competitor_gap,,,,,,
studyfinds.com,backlink,No,3,3,1,ascendantny,,,,,,,Yes,2026-02-20 12:37:48 +00:00,0,competitor_gap,,,,,,
usacityyp.com,backlink,No,3,3,1,ascendantny,,,,,,,Yes,2026-02-19 21:52:12 +00:00,0,competitor_gap,,,,,,
americanceliac.org,backlink,No,3,3,1,ascendantny,,,,,,,Yes,2026-02-10 10:24:37 +00:00,0,competitor_gap,,,,,,
cfodrive.com,backlink,No,3,3,1,ascendantny,,,,,,,Yes,2026-02-07 16:09:54 +00:00,0,competitor_gap,,,,,,
raz-vape.com,backlink,No,3,3,1,ascendantny,,,,,,,Yes,2026-02-05 17:50:33 +00:00,0,competitor_gap,,,,,,
alaska.edu,backlink,No,3,3,1,ascendantny,,,,,,,Yes,2026-02-03 18:20:41 +00:00,0,competitor_gap,,,,,,
ventsmagazine.com,backlink,No,3,3,1,ascendantny,,,,,,,Yes,2026-02-02 15:40:13 +00:00,0,competitor_gap,,,,,,
tugragravur.com,backlink,No,3,3,1,ascendantny,,,,,,,Yes,2026-01-31 06:03:14 +00:00,0,competitor_gap,,,,,,
meritline.com,backlink,No,3,3,1,ascendantny,,,,,,,Yes,2026-01-30 03:35:10 +00:00,0,competitor_gap,,,,,,
myshopify.com,backlink,No,3,3,1,ascendantny,,,,,,,Yes,2026-01-23 05:20:35 +00:00,0,competitor_gap,,,,,,
aga-decarlo.com,backlink,No,3,3,1,ascendantny,,,,,,,Yes,2026-01-16 04:33:02 +00:00,0,competitor_gap,,,,,,
starglobalnews.com,backlink,No,3,3,1,ascendantny,,,,,,,Yes,2026-01-14 16:30:46 +00:00,0,competitor_gap,,,,,,
manauspublica.com,backlink,No,3,3,1,ascendantny,,,,,,,Yes,2026-01-08 04:11:37 +00:00,0,competitor_gap,,,,,,
theworldsbestmagazine.com,backlink,No,3,3,1,ascendantny,,,,,,,Yes,2026-01-03 02:38:36 +00:00,0,competitor_gap,,,,,,
androclue.com,backlink,No,3,3,1,ascendantny,,,,,,,Yes,2025-12-22 07:02:54 +00:00,0,competitor_gap,,,,,,
alltopstartups.com,backlink,No,3,3,1,ascendantny,,,,,,,Yes,2025-12-19 06:19:24 +00:00,0,competitor_gap,,,,,,
smileshigh.club,backlink,No,3,3,1,ascendantny,,,,,,,Yes,2025-11-21 13:20:34 +00:00,0,competitor_gap,,,,,,
vermontrepublic.org,backlink,No,3,3,1,ascendantny,,,,,,,Yes,2025-11-12 08:42:49 +00:00,0,competitor_gap,,,,,,
ehealthquotes.org,backlink,No,3,3,1,ascendantny,,,,,,,Yes,2025-11-06 01:04:55 +00:00,0,competitor_gap,,,,,,
fitneass.com,backlink,No,3,3,1,ascendantny,,,,,,,Yes,2025-10-29 04:20:21 +00:00,0,competitor_gap,,,,,,
ebuzzspider.com,backlink,No,3,3,1,ascendantny,,,,,,,Yes,2025-10-28 15:25:00 +00:00,0,competitor_gap,,,,,,
beautyhealthytips.com,backlink,No,3,3,1,ascendantny,,,,,,,Yes,2025-10-27 16:05:34 +00:00,0,competitor_gap,,,,,,
relationshipsuite.com,backlink,No,3,3,1,ascendantny,,,,,,,Yes,2025-10-22 01:20:43 +00:00,0,competitor_gap,,,,,,
aldoctor.org,backlink,No,3,3,1,ascendantny,,,,,,,Yes,2025-10-19 21:45:10 +00:00,0,competitor_gap,,,,,,
ncoa.org,backlink,No,3,3,1,ascendantny,,,,,,,Yes,2025-10-17 07:19:51 +00:00,0,competitor_gap,,,,,,
callandesign.com,backlink,No,3,3,1,ascendantny,,,,,,,Yes,2025-10-14 03:02:44 +00:00,0,competitor_gap,,,,,,
yoda.wiki,backlink,No,3,3,1,ascendantny,,,,,,,Yes,2025-10-13 07:28:23 +00:00,0,competitor_gap,,,,,,
womenfitnessmag.com,backlink,No,3,3,1,ascendantny,,,,,,,Yes,2025-10-12 04:05:56 +00:00,0,competitor_gap,,,,,,
shiftedmag.com,backlink,No,3,3,1,ascendantny,,,,,,,Yes,2025-10-10 16:31:39 +00:00,0,competitor_gap,,,,,,
australiaunwrapped.com,backlink,No,3,3,1,ascendantny,,,,,,,Yes,2025-10-09 14:29:49 +00:00,0,competitor_gap,,,,,,
beingnaturalhuman.com,backlink,No,3,3,1,ascendantny,,,,,,,Yes,2025-10-03 21:49:24 +00:00,0,competitor_gap,,,,,,
circularsymphony.com,backlink,No,3,3,1,ascendantny,,,,,,,Yes,2025-09-27 08:29:08 +00:00,0,competitor_gap,,,,,,
fofvapor.com,backlink,No,3,3,1,ascendantny,,,,,,,Yes,2025-09-24 11:40:13 +00:00,0,competitor_gap,,,,,,
sleepybearsrvpark.com,backlink,No,3,3,1,ascendantny,,,,,,,Yes,2025-09-23 19:53:40 +00:00,0,competitor_gap,,,,,,
doktorabc.com,backlink,No,3,3,1,ascendantny,,,,,,,Yes,2025-09-19 23:37:13 +00:00,0,competitor_gap,,,,,,
nationalwhateverday.com,backlink,No,3,3,1,ascendantny,,,,,,,Yes,2025-09-15 10:47:58 +00:00,0,competitor_gap,,,,,,
chrodaily.com,backlink,No,3,3,1,ascendantny,,,,,,,Yes,2025-09-14 01:36:55 +00:00,0,competitor_gap,,,,,,
besthealthncare.com,backlink,No,3,3,1,ascendantny,,,,,,,Yes,2025-09-13 08:04:32 +00:00,0,competitor_gap,,,,,,
trendqueens.com,backlink,No,3,3,1,ascendantny,,,,,,,Yes,2025-09-07 17:38:30 +00:00,0,competitor_gap,,,,,,
psychonaut.fr,backlink,No,3,3,1,ascendantny,,,,,,,Yes,2025-09-03 08:26:45 +00:00,0,competitor_gap,,,,,,
londonsolutions.net,backlink,No,3,3,1,ascendantny,,,,,,,Yes,2025-08-28 06:23:54 +00:00,0,competitor_gap,,,,,,
achievable.me,backlink,No,3,3,1,ascendantny,,,,,,,Yes,2025-08-27 05:22:25 +00:00,0,competitor_gap,,,,,,
hostingersite.com,backlink,No,3,3,1,ascendantny,,,,,,,Yes,2025-08-20 07:53:35 +00:00,0,competitor_gap,,,,,,
peoplentools.com,backlink,No,3,3,1,ascendantny,,,,,,,Yes,2025-08-18 18:14:52 +00:00,0,competitor_gap,,,,,,
vernonews.com,backlink,No,3,3,1,ascendantny,,,,,,,Yes,2025-08-18 14:26:45 +00:00,0,competitor_gap,,,,,,
abcya.rest,backlink,No,3,3,1,ascendantny,,,,,,,Yes,2025-08-10 02:33:48 +00:00,0,competitor_gap,,,,,,
jurnalpublikasi.com,backlink,No,3,3,1,ascendantny,,,,,,,Yes,2025-08-08 14:31:55 +00:00,0,competitor_gap,,,,,,
hotelcaliforniabythesea.com,backlink,No,3,3,1,ascendantny,,,,,,,Yes,2025-07-30 12:51:49 +00:00,0,competitor_gap,,,,,,
airzona.net,backlink,No,3,3,1,ascendantny,,,,,,,Yes,2025-07-12 18:01:38 +00:00,0,competitor_gap,,,,,,
ccefr.org,backlink,No,3,3,1,ascendantny,,,,,,,Yes,2025-07-10 19:56:29 +00:00,0,competitor_gap,,,,,,
rgnr.org,backlink,No,3,3,1,ascendantny,,,,,,,Yes,2025-07-07 10:57:09 +00:00,0,competitor_gap,,,,,,
jkinneyflorist.com,backlink,No,3,3,1,ascendantny,,,,,,,Yes,2025-07-05 03:55:12 +00:00,0,competitor_gap,,,,,,
cypym.com,backlink,No,3,3,1,ascendantny,,,,,,,Yes,2025-07-04 06:22:31 +00:00,0,competitor_gap,,,,,,
lyndsinreallife.com,backlink,No,3,3,1,ascendantny,,,,,,,Yes,2025-06-27 23:58:16 +00:00,0,competitor_gap,,,,,,
pirulate.org,backlink,No,3,3,1,ascendantny,,,,,,,Yes,2025-06-26 20:40:44 +00:00,0,competitor_gap,,,,,,
bebanticadimora.com,backlink,No,3,3,1,ascendantny,,,,,,,Yes,2025-06-15 00:54:19 +00:00,0,competitor_gap,,,,,,
quotidianofacile.net,backlink,No,3,3,1,ascendantny,,,,,,,Yes,2025-06-13 23:31:07 +00:00,0,competitor_gap,,,,,,
donaldsduckshoppe.com,backlink,No,3,3,1,ascendantny,,,,,,,Yes,2025-06-11 13:44:54 +00:00,0,competitor_gap,,,,,,
harvestinnbandb.com,backlink,No,3,3,1,ascendantny,,,,,,,Yes,2025-06-11 10:16:34 +00:00,0,competitor_gap,,,,,,
biodeselacademy.com,backlink,No,3,3,1,ascendantny,,,,,,,Yes,2025-06-11 06:15:30 +00:00,0,competitor_gap,,,,,,
ps3watch.net,backlink,No,3,3,1,ascendantny,,,,,,,Yes,2025-06-10 23:11:28 +00:00,0,competitor_gap,,,,,,
cooperportfolio.com,backlink,No,3,3,1,ascendantny,,,,,,,Yes,2025-06-09 19:46:16 +00:00,0,competitor_gap,,,,,,
fuseddocs.com,backlink,No,3,3,1,ascendantny,,,,,,,Yes,2025-06-09 19:35:25 +00:00,0,competitor_gap,,,,,,
sheratonhoustonwest.com,backlink,No,3,3,1,ascendantny,,,,,,,Yes,2025-06-09 01:03:00 +00:00,0,competitor_gap,,,,,,
buddymacmaster.com,backlink,No,3,3,1,ascendantny,,,,,,,Yes,2025-06-08 11:54:23 +00:00,0,competitor_gap,,,,,,
csdiary.org,backlink,No,3,3,1,ascendantny,,,,,,,Yes,2025-06-07 09:31:31 +00:00,0,competitor_gap,,,,,,
sparkplugcrossreference.net,backlink,No,3,3,1,ascendantny,,,,,,,Yes,2025-06-04 23:15:45 +00:00,0,competitor_gap,,,,,,
arcoftucson.org,backlink,No,3,3,1,ascendantny,,,,,,,Yes,2025-06-01 18:26:07 +00:00,0,competitor_gap,,,,,,
kjsc2019.com,backlink,No,3,3,1,ascendantny,,,,,,,Yes,2025-06-01 08:29:30 +00:00,0,competitor_gap,,,,,,
aktifemlak.net,backlink,No,3,3,1,ascendantny,,,,,,,Yes,2025-05-27 16:37:49 +00:00,0,competitor_gap,,,,,,
southwestpolka.com,backlink,No,3,3,1,ascendantny,,,,,,,Yes,2025-05-24 10:09:07 +00:00,0,competitor_gap,,,,,,
sunnysweetdays.com,backlink,No,3,3,1,ascendantny,,,,,,,Yes,2025-05-23 23:37:50 +00:00,0,competitor_gap,,,,,,
tourvirtualcolegioandino.com,backlink,No,3,3,1,ascendantny,,,,,,,Yes,2025-05-23 04:18:58 +00:00,0,competitor_gap,,,,,,
villas2go4.com,backlink,No,3,3,1,ascendantny,,,,,,,Yes,2025-05-22 14:07:09 +00:00,0,competitor_gap,,,,,,
metapress.com,backlink,No,3,3,1,ascendantny,,,,,,,Yes,2025-05-21 16:44:24 +00:00,0,competitor_gap,,,,,,
centerportumc.org,backlink,No,3,3,1,ascendantny,,,,,,,Yes,2025-05-21 08:58:08 +00:00,0,competitor_gap,,,,,,
stueckpharmacy.com,backlink,No,3,3,1,ascendantny,,,,,,,Yes,2025-05-20 16:42:01 +00:00,0,competitor_gap,,,,,,
leliana2000.com,backlink,No,3,3,1,ascendantny,,,,,,,Yes,2025-05-19 21:53:59 +00:00,0,competitor_gap,,,,,,
autopilotr.com,backlink,No,3,3,1,ascendantny,,,,,,,Yes,2025-05-18 14:36:50 +00:00,0,competitor_gap,,,,,,
charteraz.com,backlink,No,3,3,1,ascendantny,,,,,,,Yes,2025-05-18 09:50:33 +00:00,0,competitor_gap,,,,,,
hotelmedisun.com,backlink,No,3,3,1,ascendantny,,,,,,,Yes,2025-05-18 07:39:56 +00:00,0,competitor_gap,,,,,,
nursemagazine.co,backlink,No,3,3,1,ascendantny,,,,,,,Yes,2025-05-17 15:40:09 +00:00,0,competitor_gap,,,,,,
tarocchiamore.net,backlink,No,3,3,1,ascendantny,,,,,,,Yes,2025-05-16 02:54:44 +00:00,0,competitor_gap,,,,,,
comprabem.net,backlink,No,3,3,1,ascendantny,,,,,,,Yes,2025-05-14 19:33:52 +00:00,0,competitor_gap,,,,,,
komfort49.info,backlink,No,3,3,1,ascendantny,,,,,,,Yes,2025-05-14 08:17:39 +00:00,0,competitor_gap,,,,,,
rankiteo.com,backlink,No,3,3,1,acirehab,,,,,,,Yes,2026-01-25 23:45:55 +00:00,0,competitor_gap,,,,,,
mahoneyinter.com,backlink,No,3,3,1,acirehab,,,,,,,Yes,2025-11-20 01:35:39 +00:00,0,competitor_gap,,,,,,
dayofdifference.org.au,backlink,No,3,3,1,acirehab,,,,,,,Yes,2022-07-29 08:55:58 +00:00,0,competitor_gap,,,,,,
totalitytreatment.com,backlink,No,3,3,1,acirehab,,,,,,,Yes,2025-09-04 08:30:34 +00:00,0,competitor_gap,,,,,,
thehealthyhealinglife.com,backlink,No,3,3,1,acirehab,,,,,,,Yes,2026-03-20 20:14:29 +00:00,0,competitor_gap,,,,,,
johnmarkkane.com,backlink,No,3,3,1,acirehab,,,,,,,Yes,2026-01-23 08:38:22 +00:00,0,competitor_gap,,,,,,
mohsenderakhshannasab.ir,backlink,No,3,3,1,acirehab,,,,,,,Yes,2025-06-06 03:01:22 +00:00,0,competitor_gap,,,,,,
katiekaspari.com,backlink,No,3,3,1,acirehab,,,,,,,Yes,2025-03-30 10:35:55 +00:00,0,competitor_gap,,,,,,
townplanner.com,backlink,No,3,3,1,acirehab,,,,,,,Yes,2024-11-01 03:32:37 +00:00,0,competitor_gap,,,,,,
hepfree.nyc,backlink,No,3,3,1,acirehab,,,,,,,Yes,2026-04-11 03:17:05 +00:00,0,competitor_gap,,,,,,
fodmapeveryday.com,backlink,No,3,3,1,acirehab,,,,,,,Yes,2026-04-09 23:22:27 +00:00,0,competitor_gap,,,,,,
paragoncleanse.com,backlink,No,3,3,1,acirehab,,,,,,,Yes,2026-02-27 04:00:32 +00:00,0,competitor_gap,,,,,,
medicalantidote.com,backlink,No,3,3,1,acirehab,,,,,,,Yes,2026-01-30 03:06:56 +00:00,0,competitor_gap,,,,,,
simondsrecoverycenters.com,backlink,No,3,3,1,acirehab,,,,,,,Yes,2026-01-07 16:09:05 +00:00,0,competitor_gap,,,,,,
journey4success.com,backlink,No,3,3,1,acirehab,,,,,,,Yes,2026-01-01 13:05:47 +00:00,0,competitor_gap,,,,,,
epichealthpartners.com,backlink,No,3,3,1,acirehab,,,,,,,Yes,2025-12-03 02:45:36 +00:00,0,competitor_gap,,,,,,
gaslightingcheck.com,backlink,No,3,3,1,acirehab,,,,,,,Yes,2025-10-12 02:32:40 +00:00,0,competitor_gap,,,,,,
fitandfabcourse.com,backlink,No,3,3,1,acirehab,,,,,,,Yes,2025-10-06 18:04:11 +00:00,0,competitor_gap,,,,,,
safespacehypnosis.au,backlink,No,3,3,1,acirehab,,,,,,,Yes,2025-10-05 17:18:58 +00:00,0,competitor_gap,,,,,,
motthavenherald.com,backlink,No,3,3,1,acirehab,,,,,,,Yes,2025-09-24 19:41:13 +00:00,0,competitor_gap,,,,,,
en-academic.com,backlink,No,3,3,1,acirehab,,,,,,,Yes,2025-06-27 17:26:48 +00:00,0,competitor_gap,,,,,,
matrecoverycenters.com,backlink,No,3,3,1,acirehab,,,,,,,Yes,2025-05-24 09:13:17 +00:00,0,competitor_gap,,,,,,
websleuths.com,backlink,No,3,3,1,acirehab,,,,,,,Yes,2025-05-05 21:09:54 +00:00,0,competitor_gap,,,,,,
addictiontreatmenthelper.com,backlink,No,3,3,1,acirehab,,,,,,,Yes,2025-03-23 16:31:05 +00:00,0,competitor_gap,,,,,,
trustanalytica.org,backlink,No,3,3,1,acirehab,,,,,,,Yes,2024-09-09 19:09:40 +00:00,0,competitor_gap,,,,,,
intherooms.com,backlink,No,3,3,1,acirehab,,,,,,,Yes,2024-08-22 13:19:42 +00:00,0,competitor_gap,,,,,,
ccmphealthhome.org,backlink,No,3,3,1,acirehab,,,,,,,Yes,2024-05-11 05:31:33 +00:00,0,competitor_gap,,,,,,
lisasmithadvisory.com,backlink,No,3,3,1,acirehab,,,,,,,Yes,2024-01-22 21:08:43 +00:00,0,competitor_gap,,,,,,
nationalstandby.com,backlink,No,3,3,1,acirehab,,,,,,,Yes,2023-10-10 21:21:41 +00:00,0,competitor_gap,,,,,,
behavioralhealthnews.org,backlink,No,3,3,1,acirehab,,,,,,,Yes,2021-10-02 19:55:19 +00:00,0,competitor_gap,,,,,,
detoxcenters.com,backlink,No,3,3,1,acirehab,,,,,,,Yes,2021-10-01 12:11:24 +00:00,0,competitor_gap,,,,,,
newochem.io,backlink,No,3,3,1,acirehab,,,,,,,Yes,2019-12-08 08:45:21 +00:00,0,competitor_gap,,,,,,
addictiongroup.org,citation,No,3,,,,,40,,,,Yes,,,,whitespark,,,,,,
mixitem.com,backlink,No,2.98,2.98,1,ascendantny,,,,,,,Yes,2026-03-13 12:03:10 +00:00,5,competitor_gap,,,,,,
healthsoothe.com,backlink,No,2.98,2.98,1,ascendantny,,,,,,,Yes,2026-02-26 05:25:41 +00:00,5,competitor_gap,,,,,,
webmobistar.com,backlink,No,2.98,2.98,1,ascendantny,,,,,,,Yes,2025-12-09 00:27:21 +00:00,5,competitor_gap,,,,,,
star2.org,backlink,No,2.98,2.98,1,ascendantny,,,,,,,Yes,2025-07-15 17:56:24 +00:00,5,competitor_gap,,,,,,
allny.com,citation,No,2.95,,,,,39,,,,Yes,,,,whitespark,,,,,,
alltreatment.com,citation,No,2.95,,,,,39,,,,Yes,,,,whitespark,,,,,,
forbesblog.org,backlink,No,2.92,2.92,1,ascendantny,,,,,,,Yes,2022-01-08 01:00:56 +00:00,7,competitor_gap,,,,,,
ebannerswap.com,backlink,No,2.9,2.9,1,ascendantny,,,,,,,Yes,2023-10-31 20:01:30 +00:00,2,competitor_gap,,,,,,
higheredcenter.org,citation,No,2.9,,,,,38,,,,Yes,,,,whitespark,,,,,,
addicted.org,citation,No,2.9,,,,,38,,,,Yes,,,,whitespark,,,,,,
danielfeau.com,backlink,No,2.88,2.88,1,ascendantny,,,,,,,Yes,2026-01-31 16:23:47 +00:00,5,competitor_gap,,,,,,
credihealth.com,backlink,No,2.87,2.87,1,ascendantny,,,,,,,Yes,2023-09-15 20:52:12 +00:00,6,competitor_gap,,,,,,
consumerhealthdigest.com,backlink,No,2.85,2.85,1,ascendantny,,,,,,,Yes,2024-09-29 08:19:47 +00:00,3,competitor_gap,,,,,,
cooinsider.com,backlink,No,2.85,2.85,1,ascendantny,,,,,,,Yes,2024-12-26 22:04:58 +00:00,3,competitor_gap,,,,,,
hrvendornews.com,backlink,No,2.85,2.85,1,ascendantny,,,,,,,Yes,2025-12-03 03:43:15 +00:00,3,competitor_gap,,,,,,
hrforhumansatwork.com,backlink,No,2.85,2.85,1,ascendantny,,,,,,,Yes,2025-07-14 11:17:56 +00:00,3,competitor_gap,,,,,,
npiprofile.com,citation,No,2.85,,,,,37,,,,Yes,,,,whitespark,,,,,,
addictiontreatmentdivision.org,citation,No,2.85,,,,,37,,,,Yes,,,,whitespark,,,,,,
tapartnership.org,citation,No,2.8,,,,,36,,,,Yes,,,,whitespark,,,,,,
vitadox.com,citation,No,2.8,,,,,36,,,,Yes,,,,whitespark,,,,,,
azcare.ai,backlink,No,2.75,2.75,1,ascendantny,,,,,,,Yes,2025-06-11 02:40:04 +00:00,5,competitor_gap,,,,,,
egfreshair.com,backlink,No,2.75,2.75,1,ascendantny,,,,,,,Yes,2026-05-05 14:02:27 +00:00,5,competitor_gap,,,,,,
hexamod.net,backlink,No,2.75,2.75,1,ascendantny,,,,,,,Yes,2026-01-22 13:22:46 +00:00,5,competitor_gap,,,,,,
ciadotapete.com.br,backlink,No,2.75,2.75,1,ascendantny,,,,,,,Yes,2026-01-18 15:40:58 +00:00,5,competitor_gap,,,,,,
microdoseclub.shop,backlink,No,2.75,2.75,1,ascendantny,,,,,,,Yes,2024-11-11 18:38:02 +00:00,5,competitor_gap,,,,,,
petitchampi.com,backlink,No,2.75,2.75,1,ascendantny,,,,,,,Yes,2024-04-13 11:21:20 +00:00,5,competitor_gap,,,,,,
unifienetwork.com,backlink,No,2.75,2.75,1,ascendantny,,,,,,,Yes,2026-02-06 02:15:34 +00:00,5,competitor_gap,,,,,,
amtaautomation.com,backlink,No,2.75,2.75,1,ascendantny,,,,,,,Yes,2026-01-29 06:26:34 +00:00,5,competitor_gap,,,,,,
estontorise.com,backlink,No,2.75,2.75,1,ascendantny,,,,,,,Yes,2026-04-19 03:23:22 +00:00,5,competitor_gap,,,,,,
avstarnews.com,backlink,No,2.75,2.75,1,ascendantny,,,,,,,Yes,2026-04-17 02:41:11 +00:00,5,competitor_gap,,,,,,
trippydelics.co.uk,backlink,No,2.75,2.75,1,ascendantny,,,,,,,Yes,2026-04-12 18:13:01 +00:00,5,competitor_gap,,,,,,
yogaholistica.com,backlink,No,2.75,2.75,1,ascendantny,,,,,,,Yes,2026-03-15 12:25:38 +00:00,5,competitor_gap,,,,,,
adwinupvc.ae,backlink,No,2.75,2.75,1,ascendantny,,,,,,,Yes,2026-02-27 04:03:26 +00:00,5,competitor_gap,,,,,,
vyaani.com,backlink,No,2.75,2.75,1,ascendantny,,,,,,,Yes,2026-01-27 20:11:31 +00:00,5,competitor_gap,,,,,,
parasolsshrooms.us.com,backlink,No,2.75,2.75,1,ascendantny,,,,,,,Yes,2026-01-21 22:23:38 +00:00,5,competitor_gap,,,,,,
lulusvintage.com,backlink,No,2.75,2.75,1,ascendantny,,,,,,,Yes,2025-12-01 09:10:10 +00:00,5,competitor_gap,,,,,,
metrohealthnews.com,backlink,No,2.75,2.75,1,ascendantny,,,,,,,Yes,2025-09-27 18:59:46 +00:00,5,competitor_gap,,,,,,
microbiomeplus.com,backlink,No,2.75,2.75,1,ascendantny,,,,,,,Yes,2025-09-08 14:15:05 +00:00,5,competitor_gap,,,,,,
goalsetting.co,backlink,No,2.75,2.75,1,ascendantny,,,,,,,Yes,2025-09-07 16:38:16 +00:00,5,competitor_gap,,,,,,
health2wellnessblog.com,backlink,No,2.75,2.75,1,ascendantny,,,,,,,Yes,2025-07-29 23:32:42 +00:00,5,competitor_gap,,,,,,
healthguideusa.org,backlink,No,2.75,2.75,1,acirehab,,,,,,,Yes,2022-01-07 06:25:07 +00:00,5,competitor_gap,,,,,,
drannelewis.com,backlink,No,2.75,2.75,1,acirehab,,,,,,,Yes,2025-05-27 08:32:29 +00:00,5,competitor_gap,,,,,,
viralrang.com,backlink,No,2.75,2.75,1,acirehab,,,,,,,Yes,2024-12-24 03:14:18 +00:00,5,competitor_gap,,,,,,
kanma-marketing.com,backlink,No,2.7,2.7,1,ascendantny,,,,,,,Yes,2025-12-01 21:04:59 +00:00,6,competitor_gap,,,,,,
hitesite.org,citation,No,2.7,,,,,34,,,,Yes,,,,whitespark,,,,,,
megahabilidades.mx,backlink,No,2.65,2.65,1,ascendantny,,,,,,,Yes,2026-01-15 22:48:40 +00:00,7,competitor_gap,,,,,,
hrinterviews.com,backlink,No,2.65,2.65,1,ascendantny,,,,,,,Yes,2024-12-25 18:52:59 +00:00,7,competitor_gap,,,,,,
rehabnet.com,citation,No,2.65,,,,,33,,,,Yes,,,,whitespark,,,,,,
findrehabcenters.org,citation,No,2.65,,,,,33,,,,Yes,,,,whitespark,,,,,,
collegerecruiter.com,backlink,No,2.6,2.6,1,ascendantny,,,,,,,Yes,2025-12-26 04:42:32 +00:00,8,competitor_gap,,,,,,
opiateaddictionresource.com,citation,No,2.6,,,,,32,,,,Yes,,,,whitespark,,,,,,
bpublic.com,citation,No,2.6,,,,,32,,,,Yes,,,,whitespark,,,,,,
bkreader.com,citation,No,2.6,,,,,32,,,,Yes,,,,whitespark,,,,,,
onefatherslove.com,citation,No,2.6,,,,,32,,,,Yes,,,,whitespark,,,,,,
drugrehabus.org,citation,No,2.55,,,,,31,,,,Yes,,,,whitespark,,,,,,
pristinecleaningsvcs.com,backlink,No,2.5,2.5,1,ascendantny,,,,,,,Yes,2026-02-06 15:03:22 +00:00,10,competitor_gap,,,,,,
beeinmotionri.org,backlink,No,2.5,2.5,1,ascendantny,,,,,,,Yes,2026-01-15 22:13:24 +00:00,10,competitor_gap,,,,,,
tangosquared.com,backlink,No,2.5,2.5,1,ascendantny,,,,,,,Yes,2025-12-03 03:49:18 +00:00,10,competitor_gap,,,,,,
healthmedicinet.com,backlink,No,2.5,2.5,1,ascendantny,,,,,,,Yes,2025-06-10 17:43:30 +00:00,10,competitor_gap,,,,,,
ifitandhealthy.com,backlink,No,2.5,2.5,1,ascendantny,,,,,,,Yes,2026-04-12 14:11:58 +00:00,10,competitor_gap,,,,,,
bariere-automate.ro,backlink,No,2.5,2.5,1,ascendantny,,,,,,,Yes,2026-03-15 07:54:45 +00:00,10,competitor_gap,,,,,,
rudyscala.com,backlink,No,2.5,2.5,1,ascendantny,,,,,,,Yes,2026-03-14 14:07:55 +00:00,10,competitor_gap,,,,,,
credencesoft.in,backlink,No,2.5,2.5,1,ascendantny,,,,,,,Yes,2026-03-05 14:34:15 +00:00,10,competitor_gap,,,,,,
basecampstudio.net,backlink,No,2.5,2.5,1,ascendantny,,,,,,,Yes,2026-02-19 14:36:26 +00:00,10,competitor_gap,,,,,,
digipixel.com.ar,backlink,No,2.5,2.5,1,ascendantny,,,,,,,Yes,2026-02-01 13:28:25 +00:00,10,competitor_gap,,,,,,
ayurvedacourse.org,backlink,No,2.5,2.5,1,ascendantny,,,,,,,Yes,2026-01-21 21:38:07 +00:00,10,competitor_gap,,,,,,
profilpelajar.com,backlink,No,2.5,2.5,1,ascendantny,,,,,,,Yes,2025-06-12 19:56:28 +00:00,10,competitor_gap,,,,,,
web.app,backlink,No,2.5,2.5,1,acirehab,,,,,,,Yes,2026-01-15 14:30:14 +00:00,10,competitor_gap,,,,,,
findrecoverycenter.com,backlink,No,2.5,2.5,1,acirehab,,,,,,,Yes,2024-03-12 03:47:49 +00:00,10,competitor_gap,,,,,,
drug-rehab-headquarters.com,citation,No,2.5,,,,,30,,,,Yes,,,,whitespark,,,,,,
entrepreneursbreak.com,backlink,No,2.48,2.48,1,ascendantny,,,,,,,Yes,2025-11-27 10:48:39 +00:00,15,competitor_gap,,,,,,
treatmentcentersdirectory.com,citation,No,2.45,,,,,29,,,,Yes,,,,whitespark,,,,,,
iconceptdesign.net,backlink,No,2.43,2.43,1,ascendantny,,,,,,,Yes,2023-11-13 23:45:28 +00:00,28,competitor_gap,,,,,,
choopersguide.com,citation,No,2.4,,,,,28,,,,Yes,,,,whitespark,,,,,,
dragonbranddesign.com,backlink,No,2.33,2.33,1,ascendantny,,,,,,,Yes,2024-04-21 05:58:23 +00:00,30,competitor_gap,,,,,,
crystalmethaddiction.org,citation,No,2.3,,,,,26,,,,Yes,,,,whitespark,,,,,,
bdir.in,citation,No,2.3,,,,,26,,,,Yes,,,,whitespark,,,,,,
fsnhospitals.com,citation,No,2.3,,,,,26,,,,Yes,,,,whitespark,,,,,,
explodyfull.com,backlink,No,2.28,2.28,1,ascendantny,,,,,,,Yes,2025-11-05 19:10:14 +00:00,15,competitor_gap,,,,,,
sheattack.com,backlink,No,2.27,2.27,1,ascendantny,,,,,,,Yes,2026-05-06 09:18:48 +00:00,30,competitor_gap,,,,,,
addiction-programs.net,citation,No,2.25,,,,,25,,,,Yes,,,,whitespark,,,,,,
buprenorphine.io,citation,No,2.25,,,,,25,,,,Yes,,,,whitespark,,,,,,
rainbowheights.org,citation,No,2.25,,,,,25,,,,Yes,,,,whitespark,,,,,,
trabaja.xyz,citation,No,2.25,,,,,25,,,,Yes,,,,whitespark,,,,,,
substancerehabcenter.com,citation,No,2.2,,,,,24,,,,Yes,,,,whitespark,,,,,,
methadone-clinic.org,citation,No,2.2,,,,,24,,,,Yes,,,,whitespark,,,,,,
americanaddictionfoundation.com,citation,No,2.15,,,,,23,,,,Yes,,,,whitespark,,,,,,
drugrehabcenters.org,citation,No,2.15,,,,,23,,,,Yes,,,,whitespark,,,,,,
myserviceprofile.com,citation,No,2.15,,,,,23,,,,Yes,,,,whitespark,,,,,,
methadone.us,citation,No,2.05,,,,,21,,,,Yes,,,,whitespark,,,,,,
prescriptiondrugabuse.org,citation,No,2.05,,,,,21,,,,Yes,,,,whitespark,,,,,,
freerehabcenters.net,citation,No,2,,,,,20,,,,Yes,,,,whitespark,,,,,,
mcateerfloristbrooklynny.com,citation,No,2,,,,,20,,,,Yes,,,,whitespark,,,,,,
sober-solutions.com,citation,No,1.95,,,,,19,,,,Yes,,,,whitespark,,,,,,
freetreatmentcenters.com,citation,No,1.95,,,,,19,,,,Yes,,,,whitespark,,,,,,
marypendergreene.com,citation,No,1.95,,,,,19,,,,Yes,,,,whitespark,,,,,,
drug-overdose.com,citation,No,1.95,,,,,19,,,,Yes,,,,whitespark,,,,,,
mentalhealthproviders.org,citation,No,1.95,,,,,19,,,,Yes,,,,whitespark,,,,,,
methadonecenters.com,citation,No,1.9,,,,,18,,,,Yes,,,,whitespark,,,,,,
listaslocales.com,citation,No,1.9,,,,,18,,,,Yes,,,,whitespark,,,,,,
facilityaxs.net,citation,No,1.9,,,,,18,,,,Yes,,,,whitespark,,,,,,
afterschoolprograms.us,citation,No,1.9,,,,,18,,,,Yes,,,,whitespark,,,,,,
drughelpcenters.com,citation,No,1.85,,,,,17,,,,Yes,,,,whitespark,,,,,,
osogbo.com,citation,No,1.85,,,,,17,,,,Yes,,,,whitespark,,,,,,
bradsalzman.com,citation,No,1.85,,,,,17,,,,Yes,,,,whitespark,,,,,,
yellow-pages.us.com,citation,No,1.85,,,,,17,,,,Yes,,,,whitespark,,,,,,
harrishospital.com,citation,No,1.8,,,,,16,,,,Yes,,,,whitespark,,,,,,
gocommercially.com,citation,No,1.8,,,,,16,,,,Yes,,,,whitespark,,,,,,
acadc.org,citation,No,1.8,,,,,16,,,,Yes,,,,whitespark,,,,,,
suboxoneclinics.net,citation,No,1.75,,,,,15,,,,Yes,,,,whitespark,,,,,,
farthemes.com,backlink,No,1.73,1.73,1,ascendantny,,,,,,,Yes,2025-12-09 11:33:54 +00:00,30,competitor_gap,,,,,,
brooklynnewyorkflowers.com,citation,No,1.7,,,,,14,,,,Yes,,,,whitespark,,,,,,
americanrehabs.com,citation,No,1.65,,,,,13,,,,Yes,,,,whitespark,,,,,,
foresthillsliliesofthevalley.com,citation,No,1.65,,,,,13,,,,Yes,,,,whitespark,,,,,,
drugrehabnewyorkcity.com,citation,No,1.6,,,,,12,,,,Yes,,,,whitespark,,,,,,
floralfantasy.com,citation,No,1.6,,,,,12,,,,Yes,,,,whitespark,,,,,,
abusetreatmentcenters.net,citation,No,1.55,,,,,11,,,,Yes,,,,whitespark,,,,,,
drug-abuse-treatment.org,citation,No,1.55,,,,,11,,,,Yes,,,,whitespark,,,,,,
heavenlyfloristny.com,citation,No,1.55,,,,,11,,,,Yes,,,,whitespark,,,,,,
minglaifloristny.net,citation,No,1.55,,,,,11,,,,Yes,,,,whitespark,,,,,,
townandcountryfloristnewyork.com,citation,No,1.55,,,,,11,,,,Yes,,,,whitespark,,,,,,
drug-abuse.org,citation,No,1.55,,,,,11,,,,Yes,,,,whitespark,,,,,,
rehab-centers.org,citation,No,1.55,,,,,11,,,,Yes,,,,whitespark,,,,,,
lynnfloristny.com,citation,No,1.45,,,,,9,,,,Yes,,,,whitespark,,,,,,
freerehab.center,citation,No,1.45,,,,,9,,,,Yes,,,,whitespark,,,,,,
moneysaversguide.com,citation,No,1.45,,,,,9,,,,Yes,,,,whitespark,,,,,,
sobersources.com,citation,No,1.45,,,,,9,,,,Yes,,,,whitespark,,,,,,
ofpl.org,citation,No,1.45,,,,,9,,,,Yes,,,,whitespark,,,,,,
soberhousedirectory.com,citation,No,1.45,,,,,9,,,,Yes,,,,whitespark,,,,,,
best-treatment-centers.com,citation,No,1.4,,,,,8,,,,Yes,,,,whitespark,,,,,,
findrehabcenter.net,citation,No,1.4,,,,,8,,,,Yes,,,,whitespark,,,,,,
drugrehabexchange.com,citation,No,1.4,,,,,8,,,,Yes,,,,whitespark,,,,,,
alcoholrehabus.org,citation,No,1.35,,,,,7,,,,Yes,,,,whitespark,,,,,,
inpatient-rehab.org,citation,No,1.35,,,,,7,,,,Yes,,,,whitespark,,,,,,
dwimanhattan.com,citation,No,1.35,,,,,7,,,,Yes,,,,whitespark,,,,,,
longislandsbest.com,citation,No,1.25,,,,,5,,,,Yes,,,,whitespark,,,,,,
dualdiagnosistreatment.org,citation,No,1.2,,,,,4,,,,Yes,,,,whitespark,,,,,,
flowerfantasybklyn.com,citation,No,1.2,,,,,4,,,,Yes,,,,whitespark,,,,,,
drug-rehabs-newyork.com,citation,No,1.1,,,,,2,,,,Yes,,,,whitespark,,,,,,
ny-rehab.com,citation,No,1.05,,,,,1,,,,Yes,,,,whitespark,,,,,,
allsober.com,citation,No,1,,,,,,,,,Yes,,,,whitespark,,,,,,
uniteus.io,citation,No,1,,,,,,,,,Yes,,,,whitespark,,,,,,
inpatientalcoholrehab.org,citation,No,1,,,,,,,,,Yes,,,,whitespark,,,,,,
poeticrosesflorist.com,citation,No,1,,,,,,,,,Yes,,,,whitespark,,,,,,
brtsite.com,citation,No,1,,,,,,,,,Yes,,,,whitespark,,,,,,
itaintdopenyc.com,citation,No,1,,,,,,,,,Yes,,,,whitespark,,,,,,
executiverehabprogramsinnyc.com,citation,No,1,,,,,,,,,Yes,,,,whitespark,,,,,,
dualdiagnosistreatmentinnyc.com,citation,No,1,,,,,,,,,Yes,,,,whitespark,,,,,,
lionsitereview.com,citation,No,1,,,,,,,,,Yes,,,,whitespark,,,,,,
luxuryrehabcenters.org,citation,No,1,,,,,,,,,Yes,,,,whitespark,,,,,,
d79.nyc,citation,No,1,,,,,,,,,Yes,,,,whitespark,,,,,,
recoveredonpurpose.org,citation,No,1,,,,,,,,,Yes,,,,whitespark,,,,,,
healwise.org,citation,No,1,,,,,,,,,Yes,,,,whitespark,,,,,,
narecovery.org,citation,No,1,,,,,,,,,Yes,,,,whitespark,,,,,,
armitagewiggins.com,citation,No,1,,,,,,,,,Yes,,,,whitespark,,,,,,
substance-abuse.net,citation,No,1,,,,,,,,,Yes,,,,whitespark,,,,,,
12stepreflections.org,citation,No,1,,,,,,,,,Yes,,,,whitespark,,,,,,
givefreely.com,citation,No,1,,,,,,,,,Yes,,,,whitespark,,,,,,
riseupeny.org,citation,No,1,,,,,,,,,Yes,,,,whitespark,,,,,,
restartacademy.org,citation,No,1,,,,,,,,,Yes,,,,whitespark,,,,,,
wadsworth.org,citation,No,1,,,,,,,,,Yes,,,,whitespark,,,,,,
newyorkcountyoffices.com,citation,No,1,,,,,,,,,Yes,,,,whitespark,,,,,,
inpatient-centers.org,citation,No,1,,,,,,,,,Yes,,,,whitespark,,,,,,
sherbrookerecord.com,citation,No,1,,,,,,,,,Yes,,,,whitespark,,,,,,
findluxuryrehabs.com,citation,No,1,,,,,,,,,Yes,,,,whitespark,,,,,,
nuevayorkinsider.com,citation,No,1,,,,,,,,,Yes,,,,whitespark,,,,,,
alcoholtreatmentcentersnewyorkny.com,citation,No,1,,,,,,,,,Yes,,,,whitespark,,,,,,
seekcounseling.com,citation,No,1,,,,,,,,,Yes,,,,whitespark,,,,,,
wellyoh.com,citation,No,1,,,,,,,,,Yes,,,,whitespark,,,,,,
alcoholdetoxguide.org,citation,No,1,,,,,,,,,Yes,,,,whitespark,,,,,,
ajcreativetemp.com,citation,No,1,,,,,,,,,Yes,,,,whitespark,,,,,,
foodhelpline.org,citation,No,1,,,,,,,,,Yes,,,,whitespark,,,,,,
brooklyntc.org,citation,No,1,,,,,,,,,Yes,,,,whitespark,,,,,,
springhillwellnessny.com,citation,No,1,,,,,,,,,Yes,,,,whitespark,,,,,,
soluschristusinc.org,citation,No,1,,,,,,,,,Yes,,,,whitespark,,,,,,
bgillott.com,citation,No,1,,,,,,,,,Yes,,,,whitespark,,,,,,
divineexchange.org,citation,No,1,,,,,,,,,Yes,,,,whitespark,,,,,,
zendesk.com,citation,No,1,,,,,,,,,Yes,,,,whitespark,,,,,,
mydrugrehabhelp.com,citation,No,1,,,,,,,,,Yes,,,,whitespark,,,,,,
cogencyipa.com,citation,No,1,,,,,,,,,Yes,,,,whitespark,,,,,,
inpatientdeaddiction.com,citation,No,1,,,,,,,,,Yes,,,,whitespark,,,,,,
genesisdob.com,citation,No,1,,,,,,,,,Yes,,,,whitespark,,,,,,
ascendantny.com,citation,No,1,,,,,,,,,Yes,,,,whitespark,,,,,,
ororecovery.com,citation,No,1,,,,,,,,,Yes,,,,whitespark,,,,,,
longislandtreatmentcenters.com,citation,No,1,,,,,,,,,Yes,,,,whitespark,,,,,,
nosleep.city,citation,No,1,,,,,,,,,Yes,,,,whitespark,,,,,,
cleansenest.com,citation,No,1,,,,,,,,,Yes,,,,whitespark,,,,,,
floralsbycrystal.com,citation,No,1,,,,,,,,,Yes,,,,whitespark,,,,,,
altafloristeria.com,citation,No,1,,,,,,,,,Yes,,,,whitespark,,,,,,
nycja.org,citation,No,1,,,,,,,,,Yes,,,,whitespark,,,,,,
thereishelp.com,citation,No,1,,,,,,,,,Yes,,,,whitespark,,,,,,
narcan-finder.com,citation,No,1,,,,,,,,,Yes,,,,whitespark,,,,,,
guralmhat.com,citation,No,1,,,,,,,,,Yes,,,,whitespark,,,,,,
linktr.ee,,No,0.5,,,,,,,No,Yes,,,,,worksheet_template,,,,,,
hotfrog.com,,No,0.5,,,,,,,No,Yes,,,,,worksheet_template,,,,,,
zeemaps.com,,No,0.5,,,,,,,No,Yes,,,,,worksheet_template,,,,,,
gravatar,,No,0.5,,,,,,,No,Yes,,,,,worksheet_template,,,,,,
youtube.com,,No,0.5,,,,,,,No,Yes,,,,,worksheet_template,,,,,,
angi.com,,No,0.5,,,,,,,No,Yes,,,,,worksheet_template,,,,,,
dribbble.com,citation,No,0.5,,,,Profile,,,No,Yes,,,,,worksheet_template,,,,,,
producthunt.com,citation,No,0.5,,,,Profile,,,No,Yes,,,,,worksheet_template,,,,,,
fiverr.com,citation,No,0.5,,,,Profile,,,No,Yes,,,,,worksheet_template,,,,,,
goodreads.com,citation,No,0.5,,,,Profile,,,No,Yes,,,,,worksheet_template,,,,,,
slideshare.net,citation,No,0.5,,,,Profile,,,No,Yes,,,,,worksheet_template,,,,,,
mix.com,citation,No,0.5,,,,Profile,,,No,Yes,,,,,worksheet_template,,,,,,
pastebin.com,,No,0.5,,,,,,,No,Yes,,,,,worksheet_template,,,,,,
wix.com,citation,No,0.5,,,,Profile,,,No,Yes,,,,,worksheet_template,,,,,,
strikingly.com,citation,No,0.5,,,,Profile,,,No,Yes,,,,,worksheet_template,,,,,,
jimdo.com,citation,No,0.5,,,,Profile,,,No,Yes,,,,,worksheet_template,,,,,,
webnode.com,citation,No,0.5,,,,Profile,,,No,Yes,,,,,worksheet_template,,,,,,
wellfound.com,citation,No,0.5,,,,Profile,,,No,Yes,,,,,worksheet_template,,,,,,
ghost.org,citation,No,0.5,,,,Profile,,,No,Yes,,,,,worksheet_template,,,,,,
bloglovin.com,citation,No,0.5,,,,Profile,,,No,Yes,,,,,worksheet_template,,,,,,
vocal.media,citation,No,0.5,,,,Profile,,,No,Yes,,,,,worksheet_template,,,,,,
f6s.com,citation,No,0.5,,,,Profile,,,No,Yes,,,,,worksheet_template,,,,,,
brandyourself.com,citation,No,0.5,,,,Profile,,,No,Yes,,,,,worksheet_template,,,,,,
coroflot.com,citation,No,0.5,,,,Profile,,,No,Yes,,,,,worksheet_template,,,,,,
localstack.com,,No,0.5,,,,,,,No,Yes,,,,,worksheet_template,,,,,,
uugo.us,,No,0.5,,,,,,,No,Yes,,,,,worksheet_template,,,,,,
tupalo.com,,No,0.5,,,,,,,,Yes,,,,,worksheet_template,,,,,,
biztobiz.org,,No,0.5,,,,,,,,Yes,,,,,worksheet_template,,,,,,
github.com,,No,0.5,,,,,,,,Yes,,,,,worksheet_template,,,,,,
webwiki.com,,No,0.5,,,,,,,,Yes,,,,,worksheet_template,,,,,,
bizcommunity.com,,No,0.5,,,,,,,,Yes,,,,,worksheet_template,,,,,,
netinsert.com,,No,0.5,,,,,,,,Yes,,,,,worksheet_template,,,,,,
zoominfo.com,citation,Yes,4.25,,,,Database,85,3,No,Yes,Yes,,,,"whitespark, worksheet_template",,,,,,
batchgeo.com,citation,Yes,3.55,,,,Map,71,1,No,Yes,,,,,worksheet_template,,,,,,
bunity.com,citation,Yes,1.15,,,,Directories,43,3,No,Yes,,,,,worksheet_template,,,,,,
fyple.com,citation,Yes,1.05,,,,Directories,41,3,No,Yes,,,,,worksheet_template,,,,,,
provenexpert.com,citation,Yes,-1,,,,Reviews,,3,No,Yes,,,,,worksheet_template,,,,,,
bizhwy.com,citation,Yes,-1,,,,Directories,,3,No,Yes,,,,,worksheet_template,,,,,,
linkcentre.com,citation,Yes,-1,,,,Directories,,3,No,Yes,,,,,worksheet_template,,,,,,
blogspot.com,backlink,Yes,-2,3,1,ascendantny,,,,,,,Yes,2024-02-11 04:01:45 +00:00,0,competitor_gap,,,,,,
detoxtorehab.com,citation,Yes,-2.2,,,,,36,,,,Yes,,,,whitespark,,,,,,
startyourrecovery.org,citation,Yes,-2.25,,,,,35,,,,Yes,,,,whitespark,,,,,,
detox.com,citation,Yes,-2.65,,,,,27,,,,Yes,,,,whitespark,,,,,,
acirehab.org,citation,Yes,-3.25,,,,,15,,,,Yes,,,,whitespark,,,,,,
rehabangels.org,citation,Yes,-4,,,,,,,,,Yes,,,,whitespark,,,,,,
